2025-07-10 16:11:16,386 - [Prompt] Board ID（1-160）:
2025-07-10 16:11:17,715 - [User Input] 108
2025-07-10 16:11:17,725 - [Warning] This board ID has already been tested. Please enter a new ID.

2025-07-10 16:11:17,725 - [Prompt] Board ID（1-160）:
2025-07-10 16:11:25,461 - [User Input] 18
2025-07-10 16:11:25,470 - Init the Score board...

2025-07-10 16:11:25,470 - Number of test: 19
2025-07-10 16:11:25,471 - 
====================-----=====-----=====-----====================

2025-07-10 16:11:25,471 - Please hold down the SAM-BOOT button and then connect the device with a USB cable.

2025-07-10 16:11:25,472 - ====================-----=====-----=====-----====================


2025-07-10 16:11:25,472 - Waiting for RP2040 device connection...

2025-07-10 16:11:25,474 - Detected RP2040 device.

2025-07-10 16:11:25,508 - flash_nuke.uf2 uploaded successfully.
2025-07-10 16:11:25,508 - Waiting for RP2040 device to reconnect...

2025-07-10 16:11:38,531 - RPI_PICO-20240222-v1.22.2.uf2 uploaded successfully.

2025-07-10 16:11:38,753 - mpremote 设备已连接。

2025-07-10 16:11:41,990 - eink_driver_sam.py uploaded successfully via mpremote.

2025-07-10 16:11:43,394 - loading1.bin uploaded successfully via mpremote.

2025-07-10 16:11:44,854 - loading2.bin uploaded successfully via mpremote.

2025-07-10 16:11:45,998 - main.py uploaded successfully via mpremote.

2025-07-10 16:11:46,524 - upload.sh uploaded successfully via mpremote.

2025-07-10 16:11:47,976 - white.bin uploaded successfully via mpremote.

2025-07-10 16:11:47,982 - 已向 COM8 发送1200bps重启信号。

2025-07-10 16:11:50,014 - 
====================-----=====-----=====-----====================

2025-07-10 16:11:50,016 - Unplug

2025-07-10 16:11:50,016 - Please insert the CM5 module into the board.

2025-07-10 16:11:50,016 - Hold the CM5-boot and plug USB.

2025-07-10 16:11:50,016 - ====================-----=====-----=====-----====================


2025-07-10 16:11:53,017 - 
+++++++++++++++++++++++++++++++++++++++++++++++++++++++++++++++

2025-07-10 16:11:53,017 - [Prompt] Check if the Eink flash and display images (y/n):
2025-07-10 16:11:57,426 - [User Input] n
2025-07-10 16:11:57,426 - Eink and flash test failed.

2025-07-10 16:11:57,441 - 
==================== LED 检查 ====================

2025-07-10 16:11:57,441 - 请观察板子上的LED灯状态：
2025-07-10 16:11:57,441 -   - LED1: 顶部前方的LED
2025-07-10 16:11:57,441 -   - LED2: 侧面前方的LED

2025-07-10 16:11:57,442 - 请依次点亮LED1和LED2，并根据实际情况输入结果。
2025-07-10 16:11:57,442 - --------------------------------------------------

2025-07-10 16:11:58,442 - [Prompt] LED1 (top front) 是否正常点亮？(y/n):
2025-07-10 16:12:02,537 - [User Input] y
2025-07-10 16:12:02,538 - LED1 检查通过。

2025-07-10 16:12:02,538 - [Prompt] LED2 (side front) 是否正常点亮？(y/n):
2025-07-10 16:12:03,567 - [User Input] y
2025-07-10 16:12:03,567 - LED2 检查通过。

2025-07-10 16:12:03,568 - LED 检查完成。

2025-07-10 16:12:03,606 - Board ID 18 saved.
2025-07-10 16:12:03,607 - [Prompt] Keep test (y/n):
2025-07-10 16:12:10,394 - [User Input] y
2025-07-10 16:12:10,394 - [Prompt] Board ID（1-160）:
2025-07-10 16:12:13,263 - [User Input] 17
2025-07-10 16:12:13,298 - Init the Score board...

2025-07-10 16:12:13,299 - Number of test: 19
2025-07-10 16:12:13,299 - 
====================-----=====-----=====-----====================

2025-07-10 16:12:13,299 - Please hold down the SAM-BOOT button and then connect the device with a USB cable.

2025-07-10 16:12:13,299 - ====================-----=====-----=====-----====================


2025-07-10 16:12:13,299 - Waiting for RP2040 device connection...

2025-07-10 16:12:18,309 - Detected RP2040 device.

2025-07-10 16:12:18,341 - flash_nuke.uf2 uploaded successfully.
2025-07-10 16:12:18,342 - Waiting for RP2040 device to reconnect...

2025-07-10 16:12:32,545 - RPI_PICO-20240222-v1.22.2.uf2 uploaded successfully.

2025-07-10 16:12:32,765 - mpremote 设备已连接。

2025-07-10 16:12:35,813 - eink_driver_sam.py uploaded successfully via mpremote.

2025-07-10 16:12:37,208 - loading1.bin uploaded successfully via mpremote.

2025-07-10 16:12:38,601 - loading2.bin uploaded successfully via mpremote.

2025-07-10 16:12:39,678 - main.py uploaded successfully via mpremote.

2025-07-10 16:12:40,163 - upload.sh uploaded successfully via mpremote.

2025-07-10 16:12:41,597 - white.bin uploaded successfully via mpremote.

2025-07-10 16:12:41,607 - 已向 COM8 发送1200bps重启信号。

2025-07-10 16:12:43,625 - 
====================-----=====-----=====-----====================

2025-07-10 16:12:43,625 - Unplug

2025-07-10 16:12:43,625 - Please insert the CM5 module into the board.

2025-07-10 16:12:43,625 - Hold the CM5-boot and plug USB.

2025-07-10 16:12:43,625 - ====================-----=====-----=====-----====================


2025-07-10 16:12:46,625 - 
+++++++++++++++++++++++++++++++++++++++++++++++++++++++++++++++

2025-07-10 16:12:46,625 - [Prompt] Check if the Eink flash and display images (y/n):
2025-07-10 16:12:57,176 - [User Input] n
2025-07-10 16:12:57,177 - Eink and flash test failed.

2025-07-10 16:12:57,191 - 
==================== LED 检查 ====================

2025-07-10 16:12:57,191 - 请观察板子上的LED灯状态：
2025-07-10 16:12:57,191 -   - LED1: 顶部前方的LED
2025-07-10 16:12:57,192 -   - LED2: 侧面前方的LED

2025-07-10 16:12:57,192 - 请依次点亮LED1和LED2，并根据实际情况输入结果。
2025-07-10 16:12:57,192 - --------------------------------------------------

2025-07-10 16:12:58,192 - [Prompt] LED1 (top front) 是否正常点亮？(y/n):
2025-07-10 16:12:58,785 - [User Input] y
2025-07-10 16:12:58,785 - LED1 检查通过。

2025-07-10 16:12:58,785 - [Prompt] LED2 (side front) 是否正常点亮？(y/n):
2025-07-10 16:12:59,171 - [User Input] y
2025-07-10 16:12:59,171 - LED2 检查通过。

2025-07-10 16:12:59,171 - LED 检查完成。

2025-07-10 16:12:59,208 - Board ID 17 saved.
2025-07-10 16:12:59,208 - [Prompt] Keep test (y/n):
2025-07-10 16:13:00,278 - [User Input] y
2025-07-10 16:13:00,278 - [Prompt] Board ID（1-160）:
2025-07-10 16:13:04,537 - [User Input] 17
2025-07-10 16:13:04,571 - [Warning] This board ID has already been tested. Please enter a new ID.

2025-07-10 16:13:04,572 - [Prompt] Board ID（1-160）:
2025-07-10 16:13:22,318 - [User Input] 138
2025-07-10 16:13:22,328 - Init the Score board...

2025-07-10 16:13:22,328 - Number of test: 19
2025-07-10 16:13:22,328 - 
====================-----=====-----=====-----====================

2025-07-10 16:13:22,328 - Please hold down the SAM-BOOT button and then connect the device with a USB cable.

2025-07-10 16:13:22,328 - ====================-----=====-----=====-----====================


2025-07-10 16:13:22,328 - Waiting for RP2040 device connection...

2025-07-10 16:13:33,346 - Detected RP2040 device.

2025-07-10 16:13:33,497 - flash_nuke.uf2 uploaded successfully.
2025-07-10 16:13:33,499 - Waiting for RP2040 device to reconnect...

2025-07-10 16:13:45,245 - RPI_PICO-20240222-v1.22.2.uf2 uploaded successfully.

2025-07-10 16:13:45,457 - mpremote 设备已连接。

2025-07-10 16:13:48,484 - eink_driver_sam.py uploaded successfully via mpremote.

2025-07-10 16:13:49,851 - loading1.bin uploaded successfully via mpremote.

2025-07-10 16:13:51,247 - loading2.bin uploaded successfully via mpremote.

2025-07-10 16:13:52,379 - main.py uploaded successfully via mpremote.

2025-07-10 16:13:52,877 - upload.sh uploaded successfully via mpremote.

2025-07-10 16:13:54,308 - white.bin uploaded successfully via mpremote.

2025-07-10 16:13:54,316 - 已向 COM8 发送1200bps重启信号。

2025-07-10 16:13:56,335 - 
====================-----=====-----=====-----====================

2025-07-10 16:13:56,335 - Unplug

2025-07-10 16:13:56,335 - Please insert the CM5 module into the board.

2025-07-10 16:13:56,335 - Hold the CM5-boot and plug USB.

2025-07-10 16:13:56,335 - ====================-----=====-----=====-----====================


2025-07-10 16:13:59,336 - 
+++++++++++++++++++++++++++++++++++++++++++++++++++++++++++++++

2025-07-10 16:13:59,339 - [Prompt] Check if the Eink flash and display images (y/n):
2025-07-10 16:14:04,939 - [User Input] n
2025-07-10 16:14:04,939 - Eink and flash test failed.

2025-07-10 16:14:04,952 - 
==================== LED 检查 ====================

2025-07-10 16:14:04,952 - 请观察板子上的LED灯状态：
2025-07-10 16:14:04,952 -   - LED1: 顶部前方的LED
2025-07-10 16:14:04,952 -   - LED2: 侧面前方的LED

2025-07-10 16:14:04,952 - 请依次点亮LED1和LED2，并根据实际情况输入结果。
2025-07-10 16:14:04,953 - --------------------------------------------------

2025-07-10 16:14:05,953 - [Prompt] LED1 (top front) 是否正常点亮？(y/n):
2025-07-10 16:14:05,954 - [User Input] y
2025-07-10 16:14:05,954 - LED1 检查通过。

2025-07-10 16:14:05,954 - [Prompt] LED2 (side front) 是否正常点亮？(y/n):
2025-07-10 16:14:06,698 - [User Input] y
2025-07-10 16:14:06,698 - LED2 检查通过。

2025-07-10 16:14:06,698 - LED 检查完成。

2025-07-10 16:14:06,740 - Board ID 138 saved.
2025-07-10 16:14:06,740 - [Prompt] Keep test (y/n):
2025-07-10 16:14:07,537 - [User Input] y
2025-07-10 16:14:07,538 - [Prompt] Board ID（1-160）:
2025-07-10 16:14:12,945 - [User Input] 153
2025-07-10 16:14:12,983 - Init the Score board...

2025-07-10 16:14:12,983 - Number of test: 19
2025-07-10 16:14:12,984 - 
====================-----=====-----=====-----====================

2025-07-10 16:14:12,984 - Please hold down the SAM-BOOT button and then connect the device with a USB cable.

2025-07-10 16:14:12,984 - ====================-----=====-----=====-----====================


2025-07-10 16:14:12,984 - Waiting for RP2040 device connection...

2025-07-10 16:14:23,000 - Detected RP2040 device.

2025-07-10 16:14:23,032 - flash_nuke.uf2 uploaded successfully.
2025-07-10 16:14:23,033 - Waiting for RP2040 device to reconnect...

2025-07-10 16:14:35,761 - RPI_PICO-20240222-v1.22.2.uf2 uploaded successfully.

2025-07-10 16:14:35,978 - mpremote 设备已连接。

2025-07-10 16:14:39,063 - eink_driver_sam.py uploaded successfully via mpremote.

2025-07-10 16:14:40,439 - loading1.bin uploaded successfully via mpremote.

2025-07-10 16:14:41,817 - loading2.bin uploaded successfully via mpremote.

2025-07-10 16:14:42,925 - main.py uploaded successfully via mpremote.

2025-07-10 16:14:43,414 - upload.sh uploaded successfully via mpremote.

2025-07-10 16:14:44,806 - white.bin uploaded successfully via mpremote.

2025-07-10 16:14:44,810 - 已向 COM8 发送1200bps重启信号。

2025-07-10 16:14:46,830 - 
====================-----=====-----=====-----====================

2025-07-10 16:14:46,831 - Unplug

2025-07-10 16:14:46,831 - Please insert the CM5 module into the board.

2025-07-10 16:14:46,831 - Hold the CM5-boot and plug USB.

2025-07-10 16:14:46,831 - ====================-----=====-----=====-----====================


2025-07-10 16:14:49,831 - 
+++++++++++++++++++++++++++++++++++++++++++++++++++++++++++++++

2025-07-10 16:14:49,832 - [Prompt] Check if the Eink flash and display images (y/n):
2025-07-10 16:14:55,287 - [User Input] n
2025-07-10 16:14:55,287 - Eink and flash test failed.

2025-07-10 16:14:55,299 - 
==================== LED 检查 ====================

2025-07-10 16:14:55,299 - 请观察板子上的LED灯状态：
2025-07-10 16:14:55,300 -   - LED1: 顶部前方的LED
2025-07-10 16:14:55,300 -   - LED2: 侧面前方的LED

2025-07-10 16:14:55,300 - 请依次点亮LED1和LED2，并根据实际情况输入结果。
2025-07-10 16:14:55,300 - --------------------------------------------------

2025-07-10 16:14:56,300 - [Prompt] LED1 (top front) 是否正常点亮？(y/n):
2025-07-10 16:14:56,762 - [User Input] y
2025-07-10 16:14:56,762 - LED1 检查通过。

2025-07-10 16:14:56,762 - [Prompt] LED2 (side front) 是否正常点亮？(y/n):
2025-07-10 16:14:57,545 - [User Input] y
2025-07-10 16:14:57,545 - LED2 检查通过。

2025-07-10 16:14:57,545 - LED 检查完成。

2025-07-10 16:14:57,584 - Board ID 153 saved.
2025-07-10 16:14:57,585 - [Prompt] Keep test (y/n):
2025-07-10 16:14:58,434 - [User Input] y
2025-07-10 16:14:58,435 - [Prompt] Board ID（1-160）:
2025-07-10 16:15:05,611 - [User Input] 140
2025-07-10 16:15:05,648 - Init the Score board...

2025-07-10 16:15:05,649 - Number of test: 19
2025-07-10 16:15:05,649 - 
====================-----=====-----=====-----====================

2025-07-10 16:15:05,649 - Please hold down the SAM-BOOT button and then connect the device with a USB cable.

2025-07-10 16:15:05,649 - ====================-----=====-----=====-----====================


2025-07-10 16:15:05,649 - Waiting for RP2040 device connection...

2025-07-10 16:15:12,663 - Detected RP2040 device.

2025-07-10 16:15:12,697 - flash_nuke.uf2 uploaded successfully.
2025-07-10 16:15:12,697 - Waiting for RP2040 device to reconnect...

2025-07-10 16:15:25,615 - RPI_PICO-20240222-v1.22.2.uf2 uploaded successfully.

2025-07-10 16:15:25,856 - mpremote 设备已连接。

2025-07-10 16:15:28,974 - eink_driver_sam.py uploaded successfully via mpremote.

2025-07-10 16:15:30,375 - loading1.bin uploaded successfully via mpremote.

2025-07-10 16:15:31,797 - loading2.bin uploaded successfully via mpremote.

2025-07-10 16:15:32,914 - main.py uploaded successfully via mpremote.

2025-07-10 16:15:33,398 - upload.sh uploaded successfully via mpremote.

2025-07-10 16:15:34,828 - white.bin uploaded successfully via mpremote.

2025-07-10 16:15:34,832 - 已向 COM8 发送1200bps重启信号。

2025-07-10 16:15:36,850 - 
====================-----=====-----=====-----====================

2025-07-10 16:15:36,850 - Unplug

2025-07-10 16:15:36,851 - Please insert the CM5 module into the board.

2025-07-10 16:15:36,851 - Hold the CM5-boot and plug USB.

2025-07-10 16:15:36,851 - ====================-----=====-----=====-----====================


2025-07-10 16:15:39,851 - 
+++++++++++++++++++++++++++++++++++++++++++++++++++++++++++++++

2025-07-10 16:15:39,852 - [Prompt] Check if the Eink flash and display images (y/n):
2025-07-10 16:15:47,427 - [User Input] n
2025-07-10 16:15:47,427 - Eink and flash test failed.

2025-07-10 16:15:47,442 - 
==================== LED 检查 ====================

2025-07-10 16:15:47,442 - 请观察板子上的LED灯状态：
2025-07-10 16:15:47,443 -   - LED1: 顶部前方的LED
2025-07-10 16:15:47,443 -   - LED2: 侧面前方的LED

2025-07-10 16:15:47,443 - 请依次点亮LED1和LED2，并根据实际情况输入结果。
2025-07-10 16:15:47,443 - --------------------------------------------------

2025-07-10 16:15:48,444 - [Prompt] LED1 (top front) 是否正常点亮？(y/n):
2025-07-10 16:15:48,714 - [User Input] y
2025-07-10 16:15:48,714 - LED1 检查通过。

2025-07-10 16:15:48,714 - [Prompt] LED2 (side front) 是否正常点亮？(y/n):
2025-07-10 16:15:48,992 - [User Input] y
2025-07-10 16:15:48,992 - LED2 检查通过。

2025-07-10 16:15:48,992 - LED 检查完成。

2025-07-10 16:15:49,028 - Board ID 140 saved.
2025-07-10 16:15:49,028 - [Prompt] Keep test (y/n):
2025-07-10 16:15:51,474 - [User Input] y
2025-07-10 16:15:51,474 - [Prompt] Board ID（1-160）:
2025-07-10 16:15:54,122 - [User Input] 160
2025-07-10 16:15:54,157 - Init the Score board...

2025-07-10 16:15:54,157 - Number of test: 19
2025-07-10 16:15:54,157 - 
====================-----=====-----=====-----====================

2025-07-10 16:15:54,157 - Please hold down the SAM-BOOT button and then connect the device with a USB cable.

2025-07-10 16:15:54,157 - ====================-----=====-----=====-----====================


2025-07-10 16:15:54,158 - Waiting for RP2040 device connection...

2025-07-10 16:16:05,175 - Detected RP2040 device.

2025-07-10 16:16:05,226 - flash_nuke.uf2 uploaded successfully.
2025-07-10 16:16:05,229 - Waiting for RP2040 device to reconnect...

2025-07-10 16:16:17,985 - RPI_PICO-20240222-v1.22.2.uf2 uploaded successfully.

2025-07-10 16:16:18,204 - mpremote 设备已连接。

2025-07-10 16:16:21,249 - eink_driver_sam.py uploaded successfully via mpremote.

2025-07-10 16:16:22,628 - loading1.bin uploaded successfully via mpremote.

2025-07-10 16:16:24,018 - loading2.bin uploaded successfully via mpremote.

2025-07-10 16:16:25,112 - main.py uploaded successfully via mpremote.

2025-07-10 16:16:25,596 - upload.sh uploaded successfully via mpremote.

2025-07-10 16:16:27,025 - white.bin uploaded successfully via mpremote.

2025-07-10 16:16:27,029 - 已向 COM8 发送1200bps重启信号。

2025-07-10 16:16:29,048 - 
====================-----=====-----=====-----====================

2025-07-10 16:16:29,049 - Unplug

2025-07-10 16:16:29,049 - Please insert the CM5 module into the board.

2025-07-10 16:16:29,049 - Hold the CM5-boot and plug USB.

2025-07-10 16:16:29,049 - ====================-----=====-----=====-----====================


2025-07-10 16:16:32,049 - 
+++++++++++++++++++++++++++++++++++++++++++++++++++++++++++++++

2025-07-10 16:16:32,049 - [Prompt] Check if the Eink flash and display images (y/n):
2025-07-10 16:16:39,175 - [User Input] n
2025-07-10 16:16:39,175 - Eink and flash test failed.

2025-07-10 16:16:39,188 - 
==================== LED 检查 ====================

2025-07-10 16:16:39,189 - 请观察板子上的LED灯状态：
2025-07-10 16:16:39,189 -   - LED1: 顶部前方的LED
2025-07-10 16:16:39,189 -   - LED2: 侧面前方的LED

2025-07-10 16:16:39,189 - 请依次点亮LED1和LED2，并根据实际情况输入结果。
2025-07-10 16:16:39,189 - --------------------------------------------------

2025-07-10 16:16:40,190 - [Prompt] LED1 (top front) 是否正常点亮？(y/n):
2025-07-10 16:16:40,594 - [User Input] y
2025-07-10 16:16:40,594 - LED1 检查通过。

2025-07-10 16:16:40,594 - [Prompt] LED2 (side front) 是否正常点亮？(y/n):
2025-07-10 16:16:41,243 - [User Input] y
2025-07-10 16:16:41,243 - LED2 检查通过。

2025-07-10 16:16:41,243 - LED 检查完成。

2025-07-10 16:16:41,283 - Board ID 160 saved.
2025-07-10 16:16:41,283 - [Prompt] Keep test (y/n):
2025-07-10 16:16:42,560 - [User Input] y
2025-07-10 16:16:42,560 - [Prompt] Board ID（1-160）:
2025-07-10 16:16:45,586 - [User Input] 45
2025-07-10 16:16:45,619 - Init the Score board...

2025-07-10 16:16:45,619 - Number of test: 19
2025-07-10 16:16:45,619 - 
====================-----=====-----=====-----====================

2025-07-10 16:16:45,619 - Please hold down the SAM-BOOT button and then connect the device with a USB cable.

2025-07-10 16:16:45,620 - ====================-----=====-----=====-----====================


2025-07-10 16:16:45,620 - Waiting for RP2040 device connection...

2025-07-10 16:16:53,645 - Detected RP2040 device.

2025-07-10 16:16:53,694 - flash_nuke.uf2 uploaded successfully.
2025-07-10 16:16:53,695 - Waiting for RP2040 device to reconnect...

2025-07-10 16:17:05,333 - RPI_PICO-20240222-v1.22.2.uf2 uploaded successfully.

2025-07-10 16:17:05,629 - mpremote 设备已连接。

2025-07-10 16:17:08,659 - eink_driver_sam.py uploaded successfully via mpremote.

2025-07-10 16:17:10,041 - loading1.bin uploaded successfully via mpremote.

2025-07-10 16:17:11,434 - loading2.bin uploaded successfully via mpremote.

2025-07-10 16:17:12,513 - main.py uploaded successfully via mpremote.

2025-07-10 16:17:12,967 - upload.sh uploaded successfully via mpremote.

2025-07-10 16:17:14,377 - white.bin uploaded successfully via mpremote.

2025-07-10 16:17:14,381 - 已向 COM8 发送1200bps重启信号。

2025-07-10 16:17:16,396 - 
====================-----=====-----=====-----====================

2025-07-10 16:17:16,396 - Unplug

2025-07-10 16:17:16,396 - Please insert the CM5 module into the board.

2025-07-10 16:17:16,396 - Hold the CM5-boot and plug USB.

2025-07-10 16:17:16,396 - ====================-----=====-----=====-----====================


2025-07-10 16:17:19,397 - 
+++++++++++++++++++++++++++++++++++++++++++++++++++++++++++++++

2025-07-10 16:17:19,397 - [Prompt] Check if the Eink flash and display images (y/n):
2025-07-10 16:17:48,094 - [User Input] n
2025-07-10 16:17:48,095 - Eink and flash test failed.

2025-07-10 16:17:48,109 - 
==================== LED 检查 ====================

2025-07-10 16:17:48,110 - 请观察板子上的LED灯状态：
2025-07-10 16:17:48,110 -   - LED1: 顶部前方的LED
2025-07-10 16:17:48,110 -   - LED2: 侧面前方的LED

2025-07-10 16:17:48,110 - 请依次点亮LED1和LED2，并根据实际情况输入结果。
2025-07-10 16:17:48,111 - --------------------------------------------------

2025-07-10 16:17:49,111 - [Prompt] LED1 (top front) 是否正常点亮？(y/n):
2025-07-10 16:17:49,112 - [User Input] y
2025-07-10 16:17:49,112 - LED1 检查通过。

2025-07-10 16:17:49,112 - [Prompt] LED2 (side front) 是否正常点亮？(y/n):
2025-07-10 16:17:49,667 - [User Input] y
2025-07-10 16:17:49,667 - LED2 检查通过。

2025-07-10 16:17:49,667 - LED 检查完成。

2025-07-10 16:17:49,706 - Board ID 45 saved.
2025-07-10 16:17:49,706 - [Prompt] Keep test (y/n):
2025-07-10 16:17:51,000 - [User Input] y
2025-07-10 16:17:51,000 - [Prompt] Board ID（1-160）:
2025-07-10 16:17:55,506 - [User Input] 45
2025-07-10 16:17:55,539 - [Warning] This board ID has already been tested. Please enter a new ID.

2025-07-10 16:17:55,539 - [Prompt] Board ID（1-160）:
2025-07-10 16:18:03,528 - [User Input] 142
2025-07-10 16:18:03,538 - Init the Score board...

2025-07-10 16:18:03,538 - Number of test: 19
2025-07-10 16:18:03,538 - 
====================-----=====-----=====-----====================

2025-07-10 16:18:03,538 - Please hold down the SAM-BOOT button and then connect the device with a USB cable.

2025-07-10 16:18:03,538 - ====================-----=====-----=====-----====================


2025-07-10 16:18:03,539 - Waiting for RP2040 device connection...

2025-07-10 16:18:09,548 - Detected RP2040 device.

2025-07-10 16:18:09,584 - flash_nuke.uf2 uploaded successfully.
2025-07-10 16:18:09,584 - Waiting for RP2040 device to reconnect...

2025-07-10 16:18:22,239 - RPI_PICO-20240222-v1.22.2.uf2 uploaded successfully.

2025-07-10 16:18:22,466 - mpremote 设备已连接。

2025-07-10 16:18:25,523 - eink_driver_sam.py uploaded successfully via mpremote.

2025-07-10 16:18:26,909 - loading1.bin uploaded successfully via mpremote.

2025-07-10 16:18:28,311 - loading2.bin uploaded successfully via mpremote.

2025-07-10 16:18:29,400 - main.py uploaded successfully via mpremote.

2025-07-10 16:18:29,918 - upload.sh uploaded successfully via mpremote.

2025-07-10 16:18:31,311 - white.bin uploaded successfully via mpremote.

2025-07-10 16:18:31,318 - 已向 COM8 发送1200bps重启信号。

2025-07-10 16:18:33,343 - 
====================-----=====-----=====-----====================

2025-07-10 16:18:33,343 - Unplug

2025-07-10 16:18:33,343 - Please insert the CM5 module into the board.

2025-07-10 16:18:33,344 - Hold the CM5-boot and plug USB.

2025-07-10 16:18:33,344 - ====================-----=====-----=====-----====================


2025-07-10 16:18:36,345 - 
+++++++++++++++++++++++++++++++++++++++++++++++++++++++++++++++

2025-07-10 16:18:36,346 - [Prompt] Check if the Eink flash and display images (y/n):
2025-07-10 16:18:55,221 - [User Input] n
2025-07-10 16:18:55,221 - Eink and flash test failed.

2025-07-10 16:18:55,236 - 
==================== LED 检查 ====================

2025-07-10 16:18:55,236 - 请观察板子上的LED灯状态：
2025-07-10 16:18:55,237 -   - LED1: 顶部前方的LED
2025-07-10 16:18:55,237 -   - LED2: 侧面前方的LED

2025-07-10 16:18:55,238 - 请依次点亮LED1和LED2，并根据实际情况输入结果。
2025-07-10 16:18:55,238 - --------------------------------------------------

2025-07-10 16:18:56,240 - [Prompt] LED1 (top front) 是否正常点亮？(y/n):
2025-07-10 16:18:56,870 - [User Input] y
2025-07-10 16:18:56,870 - LED1 检查通过。

2025-07-10 16:18:56,870 - [Prompt] LED2 (side front) 是否正常点亮？(y/n):
2025-07-10 16:18:57,475 - [User Input] y
2025-07-10 16:18:57,475 - LED2 检查通过。

2025-07-10 16:18:57,475 - LED 检查完成。

2025-07-10 16:18:57,513 - Board ID 142 saved.
2025-07-10 16:18:57,514 - [Prompt] Keep test (y/n):
2025-07-10 16:19:01,092 - [User Input] y
2025-07-10 16:19:01,092 - [Prompt] Board ID（1-160）:
2025-07-10 16:19:03,588 - [User Input] 144
2025-07-10 16:19:03,621 - Init the Score board...

2025-07-10 16:19:03,622 - Number of test: 19
2025-07-10 16:19:03,622 - 
====================-----=====-----=====-----====================

2025-07-10 16:19:03,622 - Please hold down the SAM-BOOT button and then connect the device with a USB cable.

2025-07-10 16:19:03,623 - ====================-----=====-----=====-----====================


2025-07-10 16:19:03,623 - Waiting for RP2040 device connection...

2025-07-10 16:19:09,764 - Detected RP2040 device.

2025-07-10 16:19:09,831 - flash_nuke.uf2 uploaded successfully.
2025-07-10 16:19:09,831 - Waiting for RP2040 device to reconnect...

2025-07-10 16:19:22,601 - RPI_PICO-20240222-v1.22.2.uf2 uploaded successfully.

2025-07-10 16:19:22,842 - mpremote 设备已连接。

2025-07-10 16:19:25,895 - eink_driver_sam.py uploaded successfully via mpremote.

2025-07-10 16:19:27,305 - loading1.bin uploaded successfully via mpremote.

2025-07-10 16:19:28,696 - loading2.bin uploaded successfully via mpremote.

2025-07-10 16:19:29,830 - main.py uploaded successfully via mpremote.

2025-07-10 16:19:30,311 - upload.sh uploaded successfully via mpremote.

2025-07-10 16:19:31,752 - white.bin uploaded successfully via mpremote.

2025-07-10 16:19:31,758 - 已向 COM8 发送1200bps重启信号。

2025-07-10 16:19:33,779 - 
====================-----=====-----=====-----====================

2025-07-10 16:19:33,779 - Unplug

2025-07-10 16:19:33,779 - Please insert the CM5 module into the board.

2025-07-10 16:19:33,779 - Hold the CM5-boot and plug USB.

2025-07-10 16:19:33,780 - ====================-----=====-----=====-----====================


2025-07-10 16:19:36,780 - 
+++++++++++++++++++++++++++++++++++++++++++++++++++++++++++++++

2025-07-10 16:19:36,780 - [Prompt] Check if the Eink flash and display images (y/n):
2025-07-10 16:19:51,902 - [User Input] n
2025-07-10 16:19:51,902 - Eink and flash test failed.

2025-07-10 16:19:51,917 - 
==================== LED 检查 ====================

2025-07-10 16:19:51,917 - 请观察板子上的LED灯状态：
2025-07-10 16:19:51,917 -   - LED1: 顶部前方的LED
2025-07-10 16:19:51,918 -   - LED2: 侧面前方的LED

2025-07-10 16:19:51,918 - 请依次点亮LED1和LED2，并根据实际情况输入结果。
2025-07-10 16:19:51,918 - --------------------------------------------------

2025-07-10 16:19:52,922 - [Prompt] LED1 (top front) 是否正常点亮？(y/n):
2025-07-10 16:19:53,701 - [User Input] y
2025-07-10 16:19:53,701 - LED1 检查通过。

2025-07-10 16:19:53,701 - [Prompt] LED2 (side front) 是否正常点亮？(y/n):
2025-07-10 16:19:54,009 - [User Input] y
2025-07-10 16:19:54,009 - LED2 检查通过。

2025-07-10 16:19:54,010 - LED 检查完成。

2025-07-10 16:19:54,042 - Board ID 144 saved.
2025-07-10 16:19:54,043 - [Prompt] Keep test (y/n):
2025-07-10 16:19:56,378 - [User Input] y
2025-07-10 16:19:56,379 - [Prompt] Board ID（1-160）:
2025-07-10 16:19:59,567 - [User Input] 55
2025-07-10 16:19:59,602 - Init the Score board...

2025-07-10 16:19:59,602 - Number of test: 19
2025-07-10 16:19:59,602 - 
====================-----=====-----=====-----====================

2025-07-10 16:19:59,602 - Please hold down the SAM-BOOT button and then connect the device with a USB cable.

2025-07-10 16:19:59,602 - ====================-----=====-----=====-----====================


2025-07-10 16:19:59,603 - Waiting for RP2040 device connection...

2025-07-10 16:20:05,614 - Detected RP2040 device.

2025-07-10 16:20:05,647 - flash_nuke.uf2 uploaded successfully.
2025-07-10 16:20:05,647 - Waiting for RP2040 device to reconnect...

2025-07-10 16:20:18,307 - RPI_PICO-20240222-v1.22.2.uf2 uploaded successfully.

2025-07-10 16:20:18,494 - mpremote 设备已连接。

2025-07-10 16:20:21,525 - eink_driver_sam.py uploaded successfully via mpremote.

2025-07-10 16:20:22,900 - loading1.bin uploaded successfully via mpremote.

2025-07-10 16:20:24,302 - loading2.bin uploaded successfully via mpremote.

2025-07-10 16:20:25,407 - main.py uploaded successfully via mpremote.

2025-07-10 16:20:25,872 - upload.sh uploaded successfully via mpremote.

2025-07-10 16:20:27,298 - white.bin uploaded successfully via mpremote.

2025-07-10 16:20:27,305 - 已向 COM8 发送1200bps重启信号。

2025-07-10 16:20:29,327 - 
====================-----=====-----=====-----====================

2025-07-10 16:20:29,330 - Unplug

2025-07-10 16:20:29,330 - Please insert the CM5 module into the board.

2025-07-10 16:20:29,330 - Hold the CM5-boot and plug USB.

2025-07-10 16:20:29,330 - ====================-----=====-----=====-----====================


2025-07-10 16:20:32,331 - 
+++++++++++++++++++++++++++++++++++++++++++++++++++++++++++++++

2025-07-10 16:20:32,331 - [Prompt] Check if the Eink flash and display images (y/n):
2025-07-10 16:20:44,972 - [User Input] n
2025-07-10 16:20:44,972 - Eink and flash test failed.

2025-07-10 16:20:44,987 - 
==================== LED 检查 ====================

2025-07-10 16:20:44,987 - 请观察板子上的LED灯状态：
2025-07-10 16:20:44,987 -   - LED1: 顶部前方的LED
2025-07-10 16:20:44,988 -   - LED2: 侧面前方的LED

2025-07-10 16:20:44,988 - 请依次点亮LED1和LED2，并根据实际情况输入结果。
2025-07-10 16:20:44,988 - --------------------------------------------------

2025-07-10 16:20:45,992 - [Prompt] LED1 (top front) 是否正常点亮？(y/n):
2025-07-10 16:20:45,995 - [User Input] y
2025-07-10 16:20:45,995 - LED1 检查通过。

2025-07-10 16:20:45,995 - [Prompt] LED2 (side front) 是否正常点亮？(y/n):
2025-07-10 16:20:47,055 - [User Input] y
2025-07-10 16:20:47,056 - LED2 检查通过。

2025-07-10 16:20:47,056 - LED 检查完成。

2025-07-10 16:20:47,093 - Board ID 55 saved.
2025-07-10 16:20:47,093 - [Prompt] Keep test (y/n):
2025-07-10 16:20:51,083 - [User Input] y
2025-07-10 16:20:51,083 - [Prompt] Board ID（1-160）:
2025-07-10 16:20:56,977 - [User Input] 159
2025-07-10 16:20:57,012 - Init the Score board...

2025-07-10 16:20:57,012 - Number of test: 19
2025-07-10 16:20:57,012 - 
====================-----=====-----=====-----====================

2025-07-10 16:20:57,012 - Please hold down the SAM-BOOT button and then connect the device with a USB cable.

2025-07-10 16:20:57,013 - ====================-----=====-----=====-----====================


2025-07-10 16:20:57,013 - Waiting for RP2040 device connection...

2025-07-10 16:21:04,029 - Detected RP2040 device.

2025-07-10 16:21:04,067 - flash_nuke.uf2 uploaded successfully.
2025-07-10 16:21:04,067 - Waiting for RP2040 device to reconnect...

2025-07-10 16:21:16,901 - RPI_PICO-20240222-v1.22.2.uf2 uploaded successfully.

2025-07-10 16:21:17,111 - mpremote 设备已连接。

2025-07-10 16:21:20,168 - eink_driver_sam.py uploaded successfully via mpremote.

2025-07-10 16:21:21,550 - loading1.bin uploaded successfully via mpremote.

2025-07-10 16:21:22,951 - loading2.bin uploaded successfully via mpremote.

2025-07-10 16:21:24,061 - main.py uploaded successfully via mpremote.

2025-07-10 16:21:24,515 - upload.sh uploaded successfully via mpremote.

2025-07-10 16:21:25,912 - white.bin uploaded successfully via mpremote.

2025-07-10 16:21:25,917 - 已向 COM8 发送1200bps重启信号。

2025-07-10 16:21:27,940 - 
====================-----=====-----=====-----====================

2025-07-10 16:21:27,940 - Unplug

2025-07-10 16:21:27,940 - Please insert the CM5 module into the board.

2025-07-10 16:21:27,940 - Hold the CM5-boot and plug USB.

2025-07-10 16:21:27,940 - ====================-----=====-----=====-----====================


2025-07-10 16:21:30,941 - 
+++++++++++++++++++++++++++++++++++++++++++++++++++++++++++++++

2025-07-10 16:21:30,942 - [Prompt] Check if the Eink flash and display images (y/n):
2025-07-10 16:21:39,515 - [User Input] n
2025-07-10 16:21:39,515 - Eink and flash test failed.

2025-07-10 16:21:39,529 - 
==================== LED 检查 ====================

2025-07-10 16:21:39,529 - 请观察板子上的LED灯状态：
2025-07-10 16:21:39,529 -   - LED1: 顶部前方的LED
2025-07-10 16:21:39,530 -   - LED2: 侧面前方的LED

2025-07-10 16:21:39,530 - 请依次点亮LED1和LED2，并根据实际情况输入结果。
2025-07-10 16:21:39,530 - --------------------------------------------------

2025-07-10 16:21:40,530 - [Prompt] LED1 (top front) 是否正常点亮？(y/n):
2025-07-10 16:21:41,268 - [User Input] y
2025-07-10 16:21:41,268 - LED1 检查通过。

2025-07-10 16:21:41,269 - [Prompt] LED2 (side front) 是否正常点亮？(y/n):
2025-07-10 16:21:41,741 - [User Input] y
2025-07-10 16:21:41,741 - LED2 检查通过。

2025-07-10 16:21:41,742 - LED 检查完成。

2025-07-10 16:21:41,778 - Board ID 159 saved.
2025-07-10 16:21:41,779 - [Prompt] Keep test (y/n):
2025-07-10 16:21:46,511 - [User Input] y
2025-07-10 16:21:46,511 - [Prompt] Board ID（1-160）:
2025-07-10 16:22:15,373 - [User Input] 143
2025-07-10 16:22:15,407 - Init the Score board...

2025-07-10 16:22:15,407 - Number of test: 19
2025-07-10 16:22:15,408 - 
====================-----=====-----=====-----====================

2025-07-10 16:22:15,408 - Please hold down the SAM-BOOT button and then connect the device with a USB cable.

2025-07-10 16:22:15,408 - ====================-----=====-----=====-----====================


2025-07-10 16:22:15,408 - Waiting for RP2040 device connection...

2025-07-10 16:22:15,410 - Detected RP2040 device.

2025-07-10 16:22:15,443 - flash_nuke.uf2 uploaded successfully.
2025-07-10 16:22:15,444 - Waiting for RP2040 device to reconnect...

2025-07-10 16:22:28,096 - RPI_PICO-20240222-v1.22.2.uf2 uploaded successfully.

2025-07-10 16:22:28,413 - mpremote 设备已连接。

2025-07-10 16:22:31,442 - eink_driver_sam.py uploaded successfully via mpremote.

2025-07-10 16:22:32,858 - loading1.bin uploaded successfully via mpremote.

2025-07-10 16:22:34,257 - loading2.bin uploaded successfully via mpremote.

2025-07-10 16:22:35,357 - main.py uploaded successfully via mpremote.

2025-07-10 16:22:35,846 - upload.sh uploaded successfully via mpremote.

2025-07-10 16:22:37,243 - white.bin uploaded successfully via mpremote.

2025-07-10 16:22:37,248 - 已向 COM8 发送1200bps重启信号。

2025-07-10 16:22:39,262 - 
====================-----=====-----=====-----====================

2025-07-10 16:22:39,262 - Unplug

2025-07-10 16:22:39,262 - Please insert the CM5 module into the board.

2025-07-10 16:22:39,262 - Hold the CM5-boot and plug USB.

2025-07-10 16:22:39,262 - ====================-----=====-----=====-----====================


2025-07-10 16:22:42,263 - 
+++++++++++++++++++++++++++++++++++++++++++++++++++++++++++++++

2025-07-10 16:22:42,265 - [Prompt] Check if the Eink flash and display images (y/n):
2025-07-10 16:22:52,538 - [User Input] n
2025-07-10 16:22:52,538 - Eink and flash test failed.

2025-07-10 16:22:52,554 - 
==================== LED 检查 ====================

2025-07-10 16:22:52,555 - 请观察板子上的LED灯状态：
2025-07-10 16:22:52,555 -   - LED1: 顶部前方的LED
2025-07-10 16:22:52,555 -   - LED2: 侧面前方的LED

2025-07-10 16:22:52,555 - 请依次点亮LED1和LED2，并根据实际情况输入结果。
2025-07-10 16:22:52,555 - --------------------------------------------------

2025-07-10 16:22:53,556 - [Prompt] LED1 (top front) 是否正常点亮？(y/n):
2025-07-10 16:22:53,862 - [User Input] y
2025-07-10 16:22:53,862 - LED1 检查通过。

2025-07-10 16:22:53,862 - [Prompt] LED2 (side front) 是否正常点亮？(y/n):
2025-07-10 16:22:54,649 - [User Input] y
2025-07-10 16:22:54,650 - LED2 检查通过。

2025-07-10 16:22:54,650 - LED 检查完成。

2025-07-10 16:22:54,692 - Board ID 143 saved.
2025-07-10 16:22:54,693 - [Prompt] Keep test (y/n):
2025-07-10 16:22:56,744 - [User Input] y
2025-07-10 16:22:56,744 - [Prompt] Board ID（1-160）:
2025-07-10 16:22:58,363 - [User Input] 112
2025-07-10 16:22:58,397 - Init the Score board...

2025-07-10 16:22:58,397 - Number of test: 19
2025-07-10 16:22:58,397 - 
====================-----=====-----=====-----====================

2025-07-10 16:22:58,397 - Please hold down the SAM-BOOT button and then connect the device with a USB cable.

2025-07-10 16:22:58,398 - ====================-----=====-----=====-----====================


2025-07-10 16:22:58,398 - Waiting for RP2040 device connection...

2025-07-10 16:23:02,456 - Detected RP2040 device.

2025-07-10 16:23:02,526 - flash_nuke.uf2 uploaded successfully.
2025-07-10 16:23:02,530 - Waiting for RP2040 device to reconnect...

2025-07-10 16:23:15,542 - RPI_PICO-20240222-v1.22.2.uf2 uploaded successfully.

2025-07-10 16:23:15,758 - mpremote 设备已连接。

2025-07-10 16:23:18,852 - eink_driver_sam.py uploaded successfully via mpremote.

2025-07-10 16:23:20,280 - loading1.bin uploaded successfully via mpremote.

2025-07-10 16:23:21,679 - loading2.bin uploaded successfully via mpremote.

2025-07-10 16:23:22,774 - main.py uploaded successfully via mpremote.

2025-07-10 16:23:23,285 - upload.sh uploaded successfully via mpremote.

2025-07-10 16:23:24,700 - white.bin uploaded successfully via mpremote.

2025-07-10 16:23:24,704 - 已向 COM8 发送1200bps重启信号。

2025-07-10 16:23:26,724 - 
====================-----=====-----=====-----====================

2025-07-10 16:23:26,724 - Unplug

2025-07-10 16:23:26,724 - Please insert the CM5 module into the board.

2025-07-10 16:23:26,724 - Hold the CM5-boot and plug USB.

2025-07-10 16:23:26,725 - ====================-----=====-----=====-----====================


2025-07-10 16:23:29,725 - 
+++++++++++++++++++++++++++++++++++++++++++++++++++++++++++++++

2025-07-10 16:23:29,727 - [Prompt] Check if the Eink flash and display images (y/n):
2025-07-10 16:23:47,669 - [User Input] n
2025-07-10 16:23:47,670 - Eink and flash test failed.

2025-07-10 16:23:47,683 - 
==================== LED 检查 ====================

2025-07-10 16:23:47,683 - 请观察板子上的LED灯状态：
2025-07-10 16:23:47,684 -   - LED1: 顶部前方的LED
2025-07-10 16:23:47,684 -   - LED2: 侧面前方的LED

2025-07-10 16:23:47,684 - 请依次点亮LED1和LED2，并根据实际情况输入结果。
2025-07-10 16:23:47,684 - --------------------------------------------------

2025-07-10 16:23:48,685 - [Prompt] LED1 (top front) 是否正常点亮？(y/n):
2025-07-10 16:23:48,763 - [User Input] y
2025-07-10 16:23:48,763 - LED1 检查通过。

2025-07-10 16:23:48,763 - [Prompt] LED2 (side front) 是否正常点亮？(y/n):
2025-07-10 16:23:49,186 - [User Input] y
2025-07-10 16:23:49,187 - LED2 检查通过。

2025-07-10 16:23:49,187 - LED 检查完成。

2025-07-10 16:23:49,224 - Board ID 112 saved.
2025-07-10 16:23:49,224 - [Prompt] Keep test (y/n):
2025-07-10 16:23:50,130 - [User Input] y
2025-07-10 16:23:50,131 - [Prompt] Board ID（1-160）:
2025-07-10 16:23:52,518 - [User Input] 141
2025-07-10 16:23:52,552 - Init the Score board...

2025-07-10 16:23:52,552 - Number of test: 19
2025-07-10 16:23:52,552 - 
====================-----=====-----=====-----====================

2025-07-10 16:23:52,552 - Please hold down the SAM-BOOT button and then connect the device with a USB cable.

2025-07-10 16:23:52,552 - ====================-----=====-----=====-----====================


2025-07-10 16:23:52,553 - Waiting for RP2040 device connection...

2025-07-10 16:23:59,689 - Detected RP2040 device.

2025-07-10 16:23:59,735 - flash_nuke.uf2 uploaded successfully.
2025-07-10 16:23:59,744 - Waiting for RP2040 device to reconnect...

2025-07-10 16:24:11,468 - RPI_PICO-20240222-v1.22.2.uf2 uploaded successfully.

2025-07-10 16:24:11,720 - mpremote 设备已连接。

2025-07-10 16:24:14,737 - eink_driver_sam.py uploaded successfully via mpremote.

2025-07-10 16:24:16,128 - loading1.bin uploaded successfully via mpremote.

2025-07-10 16:24:17,532 - loading2.bin uploaded successfully via mpremote.

2025-07-10 16:24:18,677 - main.py uploaded successfully via mpremote.

2025-07-10 16:24:19,208 - upload.sh uploaded successfully via mpremote.

2025-07-10 16:24:20,632 - white.bin uploaded successfully via mpremote.

2025-07-10 16:24:20,638 - 已向 COM8 发送1200bps重启信号。

2025-07-10 16:24:22,663 - 
====================-----=====-----=====-----====================

2025-07-10 16:24:22,663 - Unplug

2025-07-10 16:24:22,663 - Please insert the CM5 module into the board.

2025-07-10 16:24:22,664 - Hold the CM5-boot and plug USB.

2025-07-10 16:24:22,664 - ====================-----=====-----=====-----====================


2025-07-10 16:24:25,664 - 
+++++++++++++++++++++++++++++++++++++++++++++++++++++++++++++++

2025-07-10 16:24:25,664 - [Prompt] Check if the Eink flash and display images (y/n):
2025-07-10 16:24:31,141 - [User Input] n
2025-07-10 16:24:31,141 - Eink and flash test failed.

2025-07-10 16:24:31,156 - 
==================== LED 检查 ====================

2025-07-10 16:24:31,156 - 请观察板子上的LED灯状态：
2025-07-10 16:24:31,156 -   - LED1: 顶部前方的LED
2025-07-10 16:24:31,156 -   - LED2: 侧面前方的LED

2025-07-10 16:24:31,157 - 请依次点亮LED1和LED2，并根据实际情况输入结果。
2025-07-10 16:24:31,157 - --------------------------------------------------

2025-07-10 16:24:32,157 - [Prompt] LED1 (top front) 是否正常点亮？(y/n):
2025-07-10 16:24:32,242 - [User Input] y
2025-07-10 16:24:32,242 - LED1 检查通过。

2025-07-10 16:24:32,242 - [Prompt] LED2 (side front) 是否正常点亮？(y/n):
2025-07-10 16:24:32,922 - [User Input] y
2025-07-10 16:24:32,922 - LED2 检查通过。

2025-07-10 16:24:32,922 - LED 检查完成。

2025-07-10 16:24:32,965 - Board ID 141 saved.
2025-07-10 16:24:32,965 - [Prompt] Keep test (y/n):
2025-07-10 16:24:34,627 - [User Input] y
2025-07-10 16:24:34,627 - [Prompt] Board ID（1-160）:
2025-07-10 16:24:36,109 - [User Input] 139
2025-07-10 16:24:36,150 - Init the Score board...

2025-07-10 16:24:36,150 - Number of test: 19
2025-07-10 16:24:36,151 - 
====================-----=====-----=====-----====================

2025-07-10 16:24:36,151 - Please hold down the SAM-BOOT button and then connect the device with a USB cable.

2025-07-10 16:24:36,151 - ====================-----=====-----=====-----====================


2025-07-10 16:24:36,151 - Waiting for RP2040 device connection...

2025-07-10 16:24:42,163 - Detected RP2040 device.

2025-07-10 16:24:42,197 - flash_nuke.uf2 uploaded successfully.
2025-07-10 16:24:42,197 - Waiting for RP2040 device to reconnect...

2025-07-10 16:24:55,024 - RPI_PICO-20240222-v1.22.2.uf2 uploaded successfully.

2025-07-10 16:24:55,269 - mpremote 设备已连接。

2025-07-10 16:24:58,381 - eink_driver_sam.py uploaded successfully via mpremote.

2025-07-10 16:24:59,815 - loading1.bin uploaded successfully via mpremote.

2025-07-10 16:25:01,196 - loading2.bin uploaded successfully via mpremote.

2025-07-10 16:25:02,355 - main.py uploaded successfully via mpremote.

2025-07-10 16:25:02,869 - upload.sh uploaded successfully via mpremote.

2025-07-10 16:25:04,345 - white.bin uploaded successfully via mpremote.

2025-07-10 16:25:04,355 - 已向 COM8 发送1200bps重启信号。

2025-07-10 16:25:06,373 - 
====================-----=====-----=====-----====================

2025-07-10 16:25:06,374 - Unplug

2025-07-10 16:25:06,374 - Please insert the CM5 module into the board.

2025-07-10 16:25:06,374 - Hold the CM5-boot and plug USB.

2025-07-10 16:25:06,374 - ====================-----=====-----=====-----====================


2025-07-10 16:25:09,376 - 
+++++++++++++++++++++++++++++++++++++++++++++++++++++++++++++++

2025-07-10 16:25:09,376 - [Prompt] Check if the Eink flash and display images (y/n):
2025-07-10 16:25:11,076 - [User Input] n
2025-07-10 16:25:11,077 - Eink and flash test failed.

2025-07-10 16:25:11,092 - 
==================== LED 检查 ====================

2025-07-10 16:25:11,092 - 请观察板子上的LED灯状态：
2025-07-10 16:25:11,093 -   - LED1: 顶部前方的LED
2025-07-10 16:25:11,093 -   - LED2: 侧面前方的LED

2025-07-10 16:25:11,093 - 请依次点亮LED1和LED2，并根据实际情况输入结果。
2025-07-10 16:25:11,093 - --------------------------------------------------

2025-07-10 16:25:12,094 - [Prompt] LED1 (top front) 是否正常点亮？(y/n):
2025-07-10 16:25:12,681 - [User Input] y
2025-07-10 16:25:12,681 - LED1 检查通过。

2025-07-10 16:25:12,681 - [Prompt] LED2 (side front) 是否正常点亮？(y/n):
2025-07-10 16:25:13,135 - [User Input] y
2025-07-10 16:25:13,135 - LED2 检查通过。

2025-07-10 16:25:13,136 - LED 检查完成。

2025-07-10 16:25:13,173 - Board ID 139 saved.
2025-07-10 16:25:13,173 - [Prompt] Keep test (y/n):
2025-07-10 16:25:24,273 - [User Input] y
2025-07-10 16:25:24,273 - [Prompt] Board ID（1-160）:
2025-07-10 16:25:26,997 - [User Input] 71
2025-07-10 16:25:27,032 - Init the Score board...

2025-07-10 16:25:27,032 - Number of test: 19
2025-07-10 16:25:27,032 - 
====================-----=====-----=====-----====================

2025-07-10 16:25:27,033 - Please hold down the SAM-BOOT button and then connect the device with a USB cable.

2025-07-10 16:25:27,033 - ====================-----=====-----=====-----====================


2025-07-10 16:25:27,033 - Waiting for RP2040 device connection...

2025-07-10 16:25:33,044 - Detected RP2040 device.

2025-07-10 16:25:33,078 - flash_nuke.uf2 uploaded successfully.
2025-07-10 16:25:33,078 - Waiting for RP2040 device to reconnect...

2025-07-10 16:25:45,880 - RPI_PICO-20240222-v1.22.2.uf2 uploaded successfully.

2025-07-10 16:25:46,175 - mpremote 设备已连接。

2025-07-10 16:25:49,221 - eink_driver_sam.py uploaded successfully via mpremote.

2025-07-10 16:25:50,613 - loading1.bin uploaded successfully via mpremote.

2025-07-10 16:25:52,022 - loading2.bin uploaded successfully via mpremote.

2025-07-10 16:25:53,125 - main.py uploaded successfully via mpremote.

2025-07-10 16:25:53,612 - upload.sh uploaded successfully via mpremote.

2025-07-10 16:25:55,031 - white.bin uploaded successfully via mpremote.

2025-07-10 16:25:55,038 - 已向 COM8 发送1200bps重启信号。

2025-07-10 16:25:57,063 - 
====================-----=====-----=====-----====================

2025-07-10 16:25:57,063 - Unplug

2025-07-10 16:25:57,063 - Please insert the CM5 module into the board.

2025-07-10 16:25:57,063 - Hold the CM5-boot and plug USB.

2025-07-10 16:25:57,063 - ====================-----=====-----=====-----====================


2025-07-10 16:26:00,064 - 
+++++++++++++++++++++++++++++++++++++++++++++++++++++++++++++++

2025-07-10 16:26:00,065 - [Prompt] Check if the Eink flash and display images (y/n):
2025-07-10 16:26:09,717 - [User Input] n
2025-07-10 16:26:09,717 - Eink and flash test failed.

2025-07-10 16:26:09,733 - 
==================== LED 检查 ====================

2025-07-10 16:26:09,734 - 请观察板子上的LED灯状态：
2025-07-10 16:26:09,734 -   - LED1: 顶部前方的LED
2025-07-10 16:26:09,734 -   - LED2: 侧面前方的LED

2025-07-10 16:26:09,734 - 请依次点亮LED1和LED2，并根据实际情况输入结果。
2025-07-10 16:26:09,734 - --------------------------------------------------

2025-07-10 16:26:10,734 - [Prompt] LED1 (top front) 是否正常点亮？(y/n):
2025-07-10 16:26:11,301 - [User Input] y
2025-07-10 16:26:11,302 - LED1 检查通过。

2025-07-10 16:26:11,302 - [Prompt] LED2 (side front) 是否正常点亮？(y/n):
2025-07-10 16:26:11,588 - [User Input] y
2025-07-10 16:26:11,588 - LED2 检查通过。

2025-07-10 16:26:11,588 - LED 检查完成。

2025-07-10 16:26:11,631 - Board ID 71 saved.
2025-07-10 16:26:11,631 - [Prompt] Keep test (y/n):
2025-07-10 16:26:12,850 - [User Input] y
2025-07-10 16:26:12,850 - [Prompt] Board ID（1-160）:
2025-07-10 16:26:17,137 - [User Input] 154
2025-07-10 16:26:17,175 - Init the Score board...

2025-07-10 16:26:17,175 - Number of test: 19
2025-07-10 16:26:17,175 - 
====================-----=====-----=====-----====================

2025-07-10 16:26:17,175 - Please hold down the SAM-BOOT button and then connect the device with a USB cable.

2025-07-10 16:26:17,175 - ====================-----=====-----=====-----====================


2025-07-10 16:26:17,176 - Waiting for RP2040 device connection...

2025-07-10 16:26:23,184 - Detected RP2040 device.

2025-07-10 16:26:23,217 - flash_nuke.uf2 uploaded successfully.
2025-07-10 16:26:23,217 - Waiting for RP2040 device to reconnect...

2025-07-10 16:26:35,956 - RPI_PICO-20240222-v1.22.2.uf2 uploaded successfully.

2025-07-10 16:26:36,171 - mpremote 设备已连接。

2025-07-10 16:26:39,241 - eink_driver_sam.py uploaded successfully via mpremote.

2025-07-10 16:26:40,625 - loading1.bin uploaded successfully via mpremote.

2025-07-10 16:26:42,054 - loading2.bin uploaded successfully via mpremote.

2025-07-10 16:26:43,180 - main.py uploaded successfully via mpremote.

2025-07-10 16:26:43,665 - upload.sh uploaded successfully via mpremote.

2025-07-10 16:26:45,068 - white.bin uploaded successfully via mpremote.

2025-07-10 16:26:45,073 - 已向 COM8 发送1200bps重启信号。

2025-07-10 16:26:47,090 - 
====================-----=====-----=====-----====================

2025-07-10 16:26:47,090 - Unplug

2025-07-10 16:26:47,090 - Please insert the CM5 module into the board.

2025-07-10 16:26:47,090 - Hold the CM5-boot and plug USB.

2025-07-10 16:26:47,090 - ====================-----=====-----=====-----====================


2025-07-10 16:26:50,091 - 
+++++++++++++++++++++++++++++++++++++++++++++++++++++++++++++++

2025-07-10 16:26:50,091 - [Prompt] Check if the Eink flash and display images (y/n):
2025-07-10 16:27:01,476 - [User Input] n
2025-07-10 16:27:01,476 - Eink and flash test failed.

2025-07-10 16:27:01,492 - 
==================== LED 检查 ====================

2025-07-10 16:27:01,492 - 请观察板子上的LED灯状态：
2025-07-10 16:27:01,492 -   - LED1: 顶部前方的LED
2025-07-10 16:27:01,492 -   - LED2: 侧面前方的LED

2025-07-10 16:27:01,492 - 请依次点亮LED1和LED2，并根据实际情况输入结果。
2025-07-10 16:27:01,493 - --------------------------------------------------

2025-07-10 16:27:02,493 - [Prompt] LED1 (top front) 是否正常点亮？(y/n):
2025-07-10 16:27:02,915 - [User Input] y
2025-07-10 16:27:02,915 - LED1 检查通过。

2025-07-10 16:27:02,916 - [Prompt] LED2 (side front) 是否正常点亮？(y/n):
2025-07-10 16:27:03,339 - [User Input] y
2025-07-10 16:27:03,339 - LED2 检查通过。

2025-07-10 16:27:03,339 - LED 检查完成。

2025-07-10 16:27:03,380 - Board ID 154 saved.
2025-07-10 16:27:03,381 - [Prompt] Keep test (y/n):
2025-07-10 16:27:04,370 - [User Input] y
2025-07-10 16:27:04,370 - [Prompt] Board ID（1-160）:
2025-07-10 16:27:06,527 - [User Input] 154
2025-07-10 16:27:06,566 - [Warning] This board ID has already been tested. Please enter a new ID.

2025-07-10 16:27:06,567 - [Prompt] Board ID（1-160）:
2025-07-10 16:27:14,937 - [User Input] 69
2025-07-10 16:27:14,946 - Init the Score board...

2025-07-10 16:27:14,946 - Number of test: 19
2025-07-10 16:27:14,946 - 
====================-----=====-----=====-----====================

2025-07-10 16:27:14,946 - Please hold down the SAM-BOOT button and then connect the device with a USB cable.

2025-07-10 16:27:14,947 - ====================-----=====-----=====-----====================


2025-07-10 16:27:14,947 - Waiting for RP2040 device connection...

2025-07-10 16:27:21,959 - Detected RP2040 device.

2025-07-10 16:27:21,993 - flash_nuke.uf2 uploaded successfully.
2025-07-10 16:27:21,993 - Waiting for RP2040 device to reconnect...

2025-07-10 16:27:34,698 - RPI_PICO-20240222-v1.22.2.uf2 uploaded successfully.

2025-07-10 16:27:34,928 - mpremote 设备已连接。

2025-07-10 16:27:37,994 - eink_driver_sam.py uploaded successfully via mpremote.

2025-07-10 16:27:39,394 - loading1.bin uploaded successfully via mpremote.

2025-07-10 16:27:40,822 - loading2.bin uploaded successfully via mpremote.

2025-07-10 16:27:41,901 - main.py uploaded successfully via mpremote.

2025-07-10 16:27:42,357 - upload.sh uploaded successfully via mpremote.

2025-07-10 16:27:43,779 - white.bin uploaded successfully via mpremote.

2025-07-10 16:27:43,784 - 已向 COM8 发送1200bps重启信号。

2025-07-10 16:27:45,802 - 
====================-----=====-----=====-----====================

2025-07-10 16:27:45,802 - Unplug

2025-07-10 16:27:45,802 - Please insert the CM5 module into the board.

2025-07-10 16:27:45,803 - Hold the CM5-boot and plug USB.

2025-07-10 16:27:45,803 - ====================-----=====-----=====-----====================


2025-07-10 16:27:48,804 - 
+++++++++++++++++++++++++++++++++++++++++++++++++++++++++++++++

2025-07-10 16:27:48,806 - [Prompt] Check if the Eink flash and display images (y/n):
2025-07-10 16:28:22,597 - [User Input] n
2025-07-10 16:28:22,598 - Eink and flash test failed.

2025-07-10 16:28:22,615 - 
==================== LED 检查 ====================

2025-07-10 16:28:22,615 - 请观察板子上的LED灯状态：
2025-07-10 16:28:22,615 -   - LED1: 顶部前方的LED
2025-07-10 16:28:22,615 -   - LED2: 侧面前方的LED

2025-07-10 16:28:22,616 - 请依次点亮LED1和LED2，并根据实际情况输入结果。
2025-07-10 16:28:22,616 - --------------------------------------------------

2025-07-10 16:28:23,634 - [Prompt] LED1 (top front) 是否正常点亮？(y/n):
2025-07-10 16:28:25,162 - [User Input] y
2025-07-10 16:28:25,163 - LED1 检查通过。

2025-07-10 16:28:25,163 - [Prompt] LED2 (side front) 是否正常点亮？(y/n):
2025-07-10 16:28:25,530 - [User Input] y
2025-07-10 16:28:25,530 - LED2 检查通过。

2025-07-10 16:28:25,530 - LED 检查完成。

2025-07-10 16:28:25,572 - Board ID 69 saved.
2025-07-10 16:28:25,572 - [Prompt] Keep test (y/n):
2025-07-10 16:28:27,139 - [User Input] y
2025-07-10 16:28:27,139 - [Prompt] Board ID（1-160）:
2025-07-10 16:28:37,036 - [User Input] 67
2025-07-10 16:28:37,070 - Init the Score board...

2025-07-10 16:28:37,070 - Number of test: 19
2025-07-10 16:28:37,070 - 
====================-----=====-----=====-----====================

2025-07-10 16:28:37,071 - Please hold down the SAM-BOOT button and then connect the device with a USB cable.

2025-07-10 16:28:37,071 - ====================-----=====-----=====-----====================


2025-07-10 16:28:37,071 - Waiting for RP2040 device connection...

2025-07-10 16:28:40,080 - Detected RP2040 device.

2025-07-10 16:28:40,114 - flash_nuke.uf2 uploaded successfully.
2025-07-10 16:28:40,115 - Waiting for RP2040 device to reconnect...

2025-07-10 16:28:53,078 - RPI_PICO-20240222-v1.22.2.uf2 uploaded successfully.

2025-07-10 16:28:53,332 - mpremote 设备已连接。

2025-07-10 16:28:56,393 - eink_driver_sam.py uploaded successfully via mpremote.

2025-07-10 16:28:57,830 - loading1.bin uploaded successfully via mpremote.

2025-07-10 16:28:59,239 - loading2.bin uploaded successfully via mpremote.

2025-07-10 16:29:00,373 - main.py uploaded successfully via mpremote.

2025-07-10 16:29:00,899 - upload.sh uploaded successfully via mpremote.

2025-07-10 16:29:02,395 - white.bin uploaded successfully via mpremote.

2025-07-10 16:29:02,402 - 已向 COM8 发送1200bps重启信号。

2025-07-10 16:29:04,428 - 
====================-----=====-----=====-----====================

2025-07-10 16:29:04,428 - Unplug

2025-07-10 16:29:04,428 - Please insert the CM5 module into the board.

2025-07-10 16:29:04,429 - Hold the CM5-boot and plug USB.

2025-07-10 16:29:04,429 - ====================-----=====-----=====-----====================


2025-07-10 16:29:07,429 - 
+++++++++++++++++++++++++++++++++++++++++++++++++++++++++++++++

2025-07-10 16:29:07,429 - [Prompt] Check if the Eink flash and display images (y/n):
2025-07-10 16:29:09,703 - [User Input] n
2025-07-10 16:29:09,703 - Eink and flash test failed.

2025-07-10 16:29:09,718 - 
==================== LED 检查 ====================

2025-07-10 16:29:09,718 - 请观察板子上的LED灯状态：
2025-07-10 16:29:09,719 -   - LED1: 顶部前方的LED
2025-07-10 16:29:09,719 -   - LED2: 侧面前方的LED

2025-07-10 16:29:09,719 - 请依次点亮LED1和LED2，并根据实际情况输入结果。
2025-07-10 16:29:09,720 - --------------------------------------------------

2025-07-10 16:29:10,720 - [Prompt] LED1 (top front) 是否正常点亮？(y/n):
2025-07-10 16:29:11,132 - [User Input] y
2025-07-10 16:29:11,132 - LED1 检查通过。

2025-07-10 16:29:11,132 - [Prompt] LED2 (side front) 是否正常点亮？(y/n):
2025-07-10 16:29:11,493 - [User Input] y
2025-07-10 16:29:11,493 - LED2 检查通过。

2025-07-10 16:29:11,493 - LED 检查完成。

2025-07-10 16:29:11,535 - Board ID 67 saved.
2025-07-10 16:29:11,535 - [Prompt] Keep test (y/n):
2025-07-10 16:29:12,569 - [User Input] y
2025-07-10 16:29:12,570 - [Prompt] Board ID（1-160）:
2025-07-10 16:29:13,582 - [User Input] 155
2025-07-10 16:29:13,618 - Init the Score board...

2025-07-10 16:29:13,618 - Number of test: 19
2025-07-10 16:29:13,618 - 
====================-----=====-----=====-----====================

2025-07-10 16:29:13,619 - Please hold down the SAM-BOOT button and then connect the device with a USB cable.

2025-07-10 16:29:13,619 - ====================-----=====-----=====-----====================


2025-07-10 16:29:13,619 - Waiting for RP2040 device connection...

2025-07-10 16:29:20,631 - Detected RP2040 device.

2025-07-10 16:29:20,667 - flash_nuke.uf2 uploaded successfully.
2025-07-10 16:29:20,667 - Waiting for RP2040 device to reconnect...

2025-07-10 16:29:33,401 - RPI_PICO-20240222-v1.22.2.uf2 uploaded successfully.

2025-07-10 16:29:33,604 - mpremote 设备已连接。

2025-07-10 16:29:36,710 - eink_driver_sam.py uploaded successfully via mpremote.

2025-07-10 16:29:38,135 - loading1.bin uploaded successfully via mpremote.

2025-07-10 16:29:39,581 - loading2.bin uploaded successfully via mpremote.

2025-07-10 16:29:40,728 - main.py uploaded successfully via mpremote.

2025-07-10 16:29:41,200 - upload.sh uploaded successfully via mpremote.

2025-07-10 16:29:42,597 - white.bin uploaded successfully via mpremote.

2025-07-10 16:29:42,608 - 已向 COM8 发送1200bps重启信号。

2025-07-10 16:29:44,634 - 
====================-----=====-----=====-----====================

2025-07-10 16:29:44,634 - Unplug

2025-07-10 16:29:44,634 - Please insert the CM5 module into the board.

2025-07-10 16:29:44,634 - Hold the CM5-boot and plug USB.

2025-07-10 16:29:44,634 - ====================-----=====-----=====-----====================


2025-07-10 16:29:47,636 - 
+++++++++++++++++++++++++++++++++++++++++++++++++++++++++++++++

2025-07-10 16:29:47,639 - [Prompt] Check if the Eink flash and display images (y/n):
2025-07-10 16:29:57,039 - [User Input] n
2025-07-10 16:29:57,039 - Eink and flash test failed.

2025-07-10 16:29:57,053 - 
==================== LED 检查 ====================

2025-07-10 16:29:57,053 - 请观察板子上的LED灯状态：
2025-07-10 16:29:57,053 -   - LED1: 顶部前方的LED
2025-07-10 16:29:57,053 -   - LED2: 侧面前方的LED

2025-07-10 16:29:57,053 - 请依次点亮LED1和LED2，并根据实际情况输入结果。
2025-07-10 16:29:57,054 - --------------------------------------------------

2025-07-10 16:29:58,055 - [Prompt] LED1 (top front) 是否正常点亮？(y/n):
2025-07-10 16:29:58,331 - [User Input] y
2025-07-10 16:29:58,331 - LED1 检查通过。

2025-07-10 16:29:58,331 - [Prompt] LED2 (side front) 是否正常点亮？(y/n):
2025-07-10 16:29:58,804 - [User Input] y
2025-07-10 16:29:58,804 - LED2 检查通过。

2025-07-10 16:29:58,804 - LED 检查完成。

2025-07-10 16:29:58,844 - Board ID 155 saved.
2025-07-10 16:29:58,844 - [Prompt] Keep test (y/n):
2025-07-10 16:30:01,532 - [User Input] y
2025-07-10 16:30:01,532 - [Prompt] Board ID（1-160）:
2025-07-10 16:30:03,271 - [User Input] 157
2025-07-10 16:30:03,305 - Init the Score board...

2025-07-10 16:30:03,306 - Number of test: 19
2025-07-10 16:30:03,306 - 
====================-----=====-----=====-----====================

2025-07-10 16:30:03,306 - Please hold down the SAM-BOOT button and then connect the device with a USB cable.

2025-07-10 16:30:03,306 - ====================-----=====-----=====-----====================


2025-07-10 16:30:03,306 - Waiting for RP2040 device connection...

2025-07-10 16:30:22,335 - Detected RP2040 device.

2025-07-10 16:30:22,384 - flash_nuke.uf2 uploaded successfully.
2025-07-10 16:30:22,413 - Waiting for RP2040 device to reconnect...

2025-07-10 16:30:35,327 - RPI_PICO-20240222-v1.22.2.uf2 uploaded successfully.

2025-07-10 16:30:35,590 - mpremote 设备已连接。

2025-07-10 16:30:38,626 - eink_driver_sam.py uploaded successfully via mpremote.

2025-07-10 16:30:40,031 - loading1.bin uploaded successfully via mpremote.

2025-07-10 16:30:41,404 - loading2.bin uploaded successfully via mpremote.

2025-07-10 16:30:42,527 - main.py uploaded successfully via mpremote.

2025-07-10 16:30:43,017 - upload.sh uploaded successfully via mpremote.

2025-07-10 16:30:44,450 - white.bin uploaded successfully via mpremote.

2025-07-10 16:30:44,459 - 已向 COM8 发送1200bps重启信号。

2025-07-10 16:30:46,485 - 
====================-----=====-----=====-----====================

2025-07-10 16:30:46,485 - Unplug

2025-07-10 16:30:46,487 - Please insert the CM5 module into the board.

2025-07-10 16:30:46,487 - Hold the CM5-boot and plug USB.

2025-07-10 16:30:46,487 - ====================-----=====-----=====-----====================


2025-07-10 16:30:49,488 - 
+++++++++++++++++++++++++++++++++++++++++++++++++++++++++++++++

2025-07-10 16:30:49,489 - [Prompt] Check if the Eink flash and display images (y/n):
2025-07-10 16:31:01,487 - [User Input] n
2025-07-10 16:31:01,487 - Eink and flash test failed.

2025-07-10 16:31:01,503 - 
==================== LED 检查 ====================

2025-07-10 16:31:01,503 - 请观察板子上的LED灯状态：
2025-07-10 16:31:01,503 -   - LED1: 顶部前方的LED
2025-07-10 16:31:01,504 -   - LED2: 侧面前方的LED

2025-07-10 16:31:01,504 - 请依次点亮LED1和LED2，并根据实际情况输入结果。
2025-07-10 16:31:01,504 - --------------------------------------------------

2025-07-10 16:31:02,505 - [Prompt] LED1 (top front) 是否正常点亮？(y/n):
2025-07-10 16:31:02,506 - [User Input] y
2025-07-10 16:31:02,506 - LED1 检查通过。

2025-07-10 16:31:02,506 - [Prompt] LED2 (side front) 是否正常点亮？(y/n):
2025-07-10 16:31:03,103 - [User Input] y
2025-07-10 16:31:03,103 - LED2 检查通过。

2025-07-10 16:31:03,103 - LED 检查完成。

2025-07-10 16:31:03,144 - Board ID 157 saved.
2025-07-10 16:31:03,144 - [Prompt] Keep test (y/n):
2025-07-10 16:31:04,822 - [User Input] y
2025-07-10 16:31:04,822 - [Prompt] Board ID（1-160）:
2025-07-10 16:31:06,674 - [User Input] 24
2025-07-10 16:31:06,717 - Init the Score board...

2025-07-10 16:31:06,717 - Number of test: 19
2025-07-10 16:31:06,717 - 
====================-----=====-----=====-----====================

2025-07-10 16:31:06,718 - Please hold down the SAM-BOOT button and then connect the device with a USB cable.

2025-07-10 16:31:06,718 - ====================-----=====-----=====-----====================


2025-07-10 16:31:06,718 - Waiting for RP2040 device connection...

2025-07-10 16:31:15,732 - Detected RP2040 device.

2025-07-10 16:31:15,764 - flash_nuke.uf2 uploaded successfully.
2025-07-10 16:31:15,765 - Waiting for RP2040 device to reconnect...

2025-07-10 16:31:28,557 - RPI_PICO-20240222-v1.22.2.uf2 uploaded successfully.

2025-07-10 16:31:28,757 - mpremote 设备已连接。

2025-07-10 16:31:31,810 - eink_driver_sam.py uploaded successfully via mpremote.

2025-07-10 16:31:33,233 - loading1.bin uploaded successfully via mpremote.

2025-07-10 16:31:34,661 - loading2.bin uploaded successfully via mpremote.

2025-07-10 16:31:35,815 - main.py uploaded successfully via mpremote.

2025-07-10 16:31:36,324 - upload.sh uploaded successfully via mpremote.

2025-07-10 16:31:37,779 - white.bin uploaded successfully via mpremote.

2025-07-10 16:31:37,784 - 已向 COM8 发送1200bps重启信号。

2025-07-10 16:31:39,806 - 
====================-----=====-----=====-----====================

2025-07-10 16:31:39,809 - Unplug

2025-07-10 16:31:39,809 - Please insert the CM5 module into the board.

2025-07-10 16:31:39,810 - Hold the CM5-boot and plug USB.

2025-07-10 16:31:39,811 - ====================-----=====-----=====-----====================


2025-07-10 16:31:42,811 - 
+++++++++++++++++++++++++++++++++++++++++++++++++++++++++++++++

2025-07-10 16:31:42,812 - [Prompt] Check if the Eink flash and display images (y/n):
2025-07-10 16:31:45,047 - [User Input] n
2025-07-10 16:31:45,047 - Eink and flash test failed.

2025-07-10 16:31:45,062 - 
==================== LED 检查 ====================

2025-07-10 16:31:45,062 - 请观察板子上的LED灯状态：
2025-07-10 16:31:45,063 -   - LED1: 顶部前方的LED
2025-07-10 16:31:45,063 -   - LED2: 侧面前方的LED

2025-07-10 16:31:45,063 - 请依次点亮LED1和LED2，并根据实际情况输入结果。
2025-07-10 16:31:45,063 - --------------------------------------------------

2025-07-10 16:31:46,064 - [Prompt] LED1 (top front) 是否正常点亮？(y/n):
2025-07-10 16:31:46,067 - [User Input] y
2025-07-10 16:31:46,067 - LED1 检查通过。

2025-07-10 16:31:46,067 - [Prompt] LED2 (side front) 是否正常点亮？(y/n):
2025-07-10 16:31:58,737 - [User Input] y
2025-07-10 16:31:58,737 - LED2 检查通过。

2025-07-10 16:31:58,738 - LED 检查完成。

2025-07-10 16:31:58,769 - Board ID 24 saved.
2025-07-10 16:31:58,770 - [Prompt] Keep test (y/n):
2025-07-10 16:32:01,976 - [User Input] y
2025-07-10 16:32:01,976 - [Prompt] Board ID（1-160）:
2025-07-10 16:32:04,977 - [User Input] 49
2025-07-10 16:32:05,018 - Init the Score board...

2025-07-10 16:32:05,018 - Number of test: 19
2025-07-10 16:32:05,018 - 
====================-----=====-----=====-----====================

2025-07-10 16:32:05,019 - Please hold down the SAM-BOOT button and then connect the device with a USB cable.

2025-07-10 16:32:05,019 - ====================-----=====-----=====-----====================


2025-07-10 16:32:05,019 - Waiting for RP2040 device connection...

2025-07-10 16:32:10,028 - Detected RP2040 device.

2025-07-10 16:32:10,061 - flash_nuke.uf2 uploaded successfully.
2025-07-10 16:32:10,061 - Waiting for RP2040 device to reconnect...

2025-07-10 16:32:22,912 - RPI_PICO-20240222-v1.22.2.uf2 uploaded successfully.

2025-07-10 16:32:23,133 - mpremote 设备已连接。

2025-07-10 16:32:26,212 - eink_driver_sam.py uploaded successfully via mpremote.

2025-07-10 16:32:27,594 - loading1.bin uploaded successfully via mpremote.

2025-07-10 16:32:28,994 - loading2.bin uploaded successfully via mpremote.

2025-07-10 16:32:30,127 - main.py uploaded successfully via mpremote.

2025-07-10 16:32:30,629 - upload.sh uploaded successfully via mpremote.

2025-07-10 16:32:32,046 - white.bin uploaded successfully via mpremote.

2025-07-10 16:32:32,054 - 已向 COM8 发送1200bps重启信号。

2025-07-10 16:32:34,067 - 
====================-----=====-----=====-----====================

2025-07-10 16:32:34,067 - Unplug

2025-07-10 16:32:34,068 - Please insert the CM5 module into the board.

2025-07-10 16:32:34,068 - Hold the CM5-boot and plug USB.

2025-07-10 16:32:34,068 - ====================-----=====-----=====-----====================


2025-07-10 16:32:37,068 - 
+++++++++++++++++++++++++++++++++++++++++++++++++++++++++++++++

2025-07-10 16:32:37,071 - [Prompt] Check if the Eink flash and display images (y/n):
2025-07-10 16:32:42,703 - [User Input] n
2025-07-10 16:32:42,703 - Eink and flash test failed.

2025-07-10 16:32:42,717 - 
==================== LED 检查 ====================

2025-07-10 16:32:42,718 - 请观察板子上的LED灯状态：
2025-07-10 16:32:42,718 -   - LED1: 顶部前方的LED
2025-07-10 16:32:42,718 -   - LED2: 侧面前方的LED

2025-07-10 16:32:42,718 - 请依次点亮LED1和LED2，并根据实际情况输入结果。
2025-07-10 16:32:42,718 - --------------------------------------------------

2025-07-10 16:32:43,718 - [Prompt] LED1 (top front) 是否正常点亮？(y/n):
2025-07-10 16:32:44,016 - [User Input] y
2025-07-10 16:32:44,016 - LED1 检查通过。

2025-07-10 16:32:44,016 - [Prompt] LED2 (side front) 是否正常点亮？(y/n):
2025-07-10 16:32:44,440 - [User Input] y
2025-07-10 16:32:44,440 - LED2 检查通过。

2025-07-10 16:32:44,440 - LED 检查完成。

2025-07-10 16:32:44,482 - Board ID 49 saved.
2025-07-10 16:32:44,482 - [Prompt] Keep test (y/n):
2025-07-10 16:32:45,339 - [User Input] y
2025-07-10 16:32:45,340 - [Prompt] Board ID（1-160）:
2025-07-10 16:32:47,693 - [User Input] 19
2025-07-10 16:32:47,729 - Init the Score board...

2025-07-10 16:32:47,729 - Number of test: 19
2025-07-10 16:32:47,729 - 
====================-----=====-----=====-----====================

2025-07-10 16:32:47,729 - Please hold down the SAM-BOOT button and then connect the device with a USB cable.

2025-07-10 16:32:47,730 - ====================-----=====-----=====-----====================


2025-07-10 16:32:47,730 - Waiting for RP2040 device connection...

2025-07-10 16:32:53,740 - Detected RP2040 device.

2025-07-10 16:32:53,776 - flash_nuke.uf2 uploaded successfully.
2025-07-10 16:32:53,776 - Waiting for RP2040 device to reconnect...

2025-07-10 16:33:06,548 - RPI_PICO-20240222-v1.22.2.uf2 uploaded successfully.

2025-07-10 16:33:06,838 - mpremote 设备已连接。

2025-07-10 16:33:09,855 - eink_driver_sam.py uploaded successfully via mpremote.

2025-07-10 16:33:11,257 - loading1.bin uploaded successfully via mpremote.

2025-07-10 16:33:12,673 - loading2.bin uploaded successfully via mpremote.

2025-07-10 16:33:13,779 - main.py uploaded successfully via mpremote.

2025-07-10 16:33:14,259 - upload.sh uploaded successfully via mpremote.

2025-07-10 16:33:15,684 - white.bin uploaded successfully via mpremote.

2025-07-10 16:33:15,691 - 已向 COM8 发送1200bps重启信号。

2025-07-10 16:33:17,707 - 
====================-----=====-----=====-----====================

2025-07-10 16:33:17,707 - Unplug

2025-07-10 16:33:17,707 - Please insert the CM5 module into the board.

2025-07-10 16:33:17,707 - Hold the CM5-boot and plug USB.

2025-07-10 16:33:17,707 - ====================-----=====-----=====-----====================


2025-07-10 16:33:20,708 - 
+++++++++++++++++++++++++++++++++++++++++++++++++++++++++++++++

2025-07-10 16:33:20,708 - [Prompt] Check if the Eink flash and display images (y/n):
2025-07-10 16:33:29,835 - [User Input] n
2025-07-10 16:33:29,835 - Eink and flash test failed.

2025-07-10 16:33:29,849 - 
==================== LED 检查 ====================

2025-07-10 16:33:29,850 - 请观察板子上的LED灯状态：
2025-07-10 16:33:29,850 -   - LED1: 顶部前方的LED
2025-07-10 16:33:29,850 -   - LED2: 侧面前方的LED

2025-07-10 16:33:29,850 - 请依次点亮LED1和LED2，并根据实际情况输入结果。
2025-07-10 16:33:29,850 - --------------------------------------------------

2025-07-10 16:33:30,852 - [Prompt] LED1 (top front) 是否正常点亮？(y/n):
2025-07-10 16:33:31,348 - [User Input] y
2025-07-10 16:33:31,348 - LED1 检查通过。

2025-07-10 16:33:31,348 - [Prompt] LED2 (side front) 是否正常点亮？(y/n):
2025-07-10 16:33:31,872 - [User Input] y
2025-07-10 16:33:31,872 - LED2 检查通过。

2025-07-10 16:33:31,872 - LED 检查完成。

2025-07-10 16:33:31,913 - Board ID 19 saved.
2025-07-10 16:33:31,913 - [Prompt] Keep test (y/n):
2025-07-10 16:33:33,091 - [User Input] y
2025-07-10 16:33:33,091 - [Prompt] Board ID（1-160）:
2025-07-10 16:33:35,041 - [User Input] 47
2025-07-10 16:33:35,080 - Init the Score board...

2025-07-10 16:33:35,080 - Number of test: 19
2025-07-10 16:33:35,080 - 
====================-----=====-----=====-----====================

2025-07-10 16:33:35,080 - Please hold down the SAM-BOOT button and then connect the device with a USB cable.

2025-07-10 16:33:35,080 - ====================-----=====-----=====-----====================


2025-07-10 16:33:35,080 - Waiting for RP2040 device connection...

2025-07-10 16:33:41,095 - Detected RP2040 device.

2025-07-10 16:33:41,133 - flash_nuke.uf2 uploaded successfully.
2025-07-10 16:33:41,134 - Waiting for RP2040 device to reconnect...

2025-07-10 16:33:53,908 - RPI_PICO-20240222-v1.22.2.uf2 uploaded successfully.

2025-07-10 16:33:54,117 - mpremote 设备已连接。

2025-07-10 16:33:57,199 - eink_driver_sam.py uploaded successfully via mpremote.

2025-07-10 16:33:58,637 - loading1.bin uploaded successfully via mpremote.

2025-07-10 16:34:00,027 - loading2.bin uploaded successfully via mpremote.

2025-07-10 16:34:01,096 - main.py uploaded successfully via mpremote.

2025-07-10 16:34:01,568 - upload.sh uploaded successfully via mpremote.

2025-07-10 16:34:02,994 - white.bin uploaded successfully via mpremote.

2025-07-10 16:34:03,002 - 已向 COM8 发送1200bps重启信号。

2025-07-10 16:34:05,018 - 
====================-----=====-----=====-----====================

2025-07-10 16:34:05,018 - Unplug

2025-07-10 16:34:05,018 - Please insert the CM5 module into the board.

2025-07-10 16:34:05,018 - Hold the CM5-boot and plug USB.

2025-07-10 16:34:05,018 - ====================-----=====-----=====-----====================


2025-07-10 16:34:08,018 - 
+++++++++++++++++++++++++++++++++++++++++++++++++++++++++++++++

2025-07-10 16:34:08,019 - [Prompt] Check if the Eink flash and display images (y/n):
2025-07-10 16:34:14,752 - [User Input] n
2025-07-10 16:34:14,752 - Eink and flash test failed.

2025-07-10 16:34:14,766 - 
==================== LED 检查 ====================

2025-07-10 16:34:14,766 - 请观察板子上的LED灯状态：
2025-07-10 16:34:14,766 -   - LED1: 顶部前方的LED
2025-07-10 16:34:14,766 -   - LED2: 侧面前方的LED

2025-07-10 16:34:14,767 - 请依次点亮LED1和LED2，并根据实际情况输入结果。
2025-07-10 16:34:14,767 - --------------------------------------------------

2025-07-10 16:34:15,768 - [Prompt] LED1 (top front) 是否正常点亮？(y/n):
2025-07-10 16:34:23,544 - [User Input] y
2025-07-10 16:34:23,544 - LED1 检查通过。

2025-07-10 16:34:23,545 - [Prompt] LED2 (side front) 是否正常点亮？(y/n):
2025-07-10 16:34:23,960 - [User Input] y
2025-07-10 16:34:23,960 - LED2 检查通过。

2025-07-10 16:34:23,960 - LED 检查完成。

2025-07-10 16:34:24,005 - Board ID 47 saved.
2025-07-10 16:34:24,005 - [Prompt] Keep test (y/n):
2025-07-10 16:34:24,380 - [User Input] y
2025-07-10 16:34:24,380 - [Prompt] Board ID（1-160）:
2025-07-10 16:34:29,474 - [User Input] 47
2025-07-10 16:34:29,516 - [Warning] This board ID has already been tested. Please enter a new ID.

2025-07-10 16:34:29,516 - [Prompt] Board ID（1-160）:
2025-07-10 16:34:44,844 - [User Input] 156
2025-07-10 16:34:44,858 - Init the Score board...

2025-07-10 16:34:44,858 - Number of test: 19
2025-07-10 16:34:44,859 - 
====================-----=====-----=====-----====================

2025-07-10 16:34:44,859 - Please hold down the SAM-BOOT button and then connect the device with a USB cable.

2025-07-10 16:34:44,859 - ====================-----=====-----=====-----====================


2025-07-10 16:34:44,860 - Waiting for RP2040 device connection...

2025-07-10 16:34:44,862 - Detected RP2040 device.

2025-07-10 16:34:44,897 - flash_nuke.uf2 uploaded successfully.
2025-07-10 16:34:44,897 - Waiting for RP2040 device to reconnect...

2025-07-10 16:34:57,543 - RPI_PICO-20240222-v1.22.2.uf2 uploaded successfully.

2025-07-10 16:34:57,764 - mpremote 设备已连接。

2025-07-10 16:35:00,826 - eink_driver_sam.py uploaded successfully via mpremote.

2025-07-10 16:35:02,257 - loading1.bin uploaded successfully via mpremote.

2025-07-10 16:35:03,642 - loading2.bin uploaded successfully via mpremote.

2025-07-10 16:35:04,818 - main.py uploaded successfully via mpremote.

2025-07-10 16:35:05,350 - upload.sh uploaded successfully via mpremote.

2025-07-10 16:35:06,761 - white.bin uploaded successfully via mpremote.

2025-07-10 16:35:06,769 - 已向 COM8 发送1200bps重启信号。

2025-07-10 16:35:08,795 - 
====================-----=====-----=====-----====================

2025-07-10 16:35:08,795 - Unplug

2025-07-10 16:35:08,795 - Please insert the CM5 module into the board.

2025-07-10 16:35:08,796 - Hold the CM5-boot and plug USB.

2025-07-10 16:35:08,796 - ====================-----=====-----=====-----====================


2025-07-10 16:35:11,796 - 
+++++++++++++++++++++++++++++++++++++++++++++++++++++++++++++++

2025-07-10 16:35:11,797 - [Prompt] Check if the Eink flash and display images (y/n):
2025-07-10 16:35:39,673 - [User Input] n
2025-07-10 16:35:39,674 - Eink and flash test failed.

2025-07-10 16:35:39,690 - 
==================== LED 检查 ====================

2025-07-10 16:35:39,691 - 请观察板子上的LED灯状态：
2025-07-10 16:35:39,691 -   - LED1: 顶部前方的LED
2025-07-10 16:35:39,691 -   - LED2: 侧面前方的LED

2025-07-10 16:35:39,692 - 请依次点亮LED1和LED2，并根据实际情况输入结果。
2025-07-10 16:35:39,692 - --------------------------------------------------

2025-07-10 16:35:40,693 - [Prompt] LED1 (top front) 是否正常点亮？(y/n):
2025-07-10 16:35:40,693 - [User Input] y
2025-07-10 16:35:40,693 - LED1 检查通过。

2025-07-10 16:35:40,694 - [Prompt] LED2 (side front) 是否正常点亮？(y/n):
2025-07-10 16:35:40,929 - [User Input] y
2025-07-10 16:35:40,929 - LED2 检查通过。

2025-07-10 16:35:40,930 - LED 检查完成。

2025-07-10 16:35:40,980 - Board ID 156 saved.
2025-07-10 16:35:40,980 - [Prompt] Keep test (y/n):
2025-07-10 16:35:42,237 - [User Input] y
2025-07-10 16:35:42,237 - [Prompt] Board ID（1-160）:
2025-07-10 16:35:49,047 - [User Input] 158
2025-07-10 16:35:49,082 - Init the Score board...

2025-07-10 16:35:49,083 - Number of test: 19
2025-07-10 16:35:49,083 - 
====================-----=====-----=====-----====================

2025-07-10 16:35:49,083 - Please hold down the SAM-BOOT button and then connect the device with a USB cable.

2025-07-10 16:35:49,083 - ====================-----=====-----=====-----====================


2025-07-10 16:35:49,083 - Waiting for RP2040 device connection...

2025-07-10 16:36:08,112 - Detected RP2040 device.

2025-07-10 16:36:08,149 - flash_nuke.uf2 uploaded successfully.
2025-07-10 16:36:08,149 - Waiting for RP2040 device to reconnect...

2025-07-10 16:36:21,119 - RPI_PICO-20240222-v1.22.2.uf2 uploaded successfully.

2025-07-10 16:36:21,323 - mpremote 设备已连接。

2025-07-10 16:36:24,354 - eink_driver_sam.py uploaded successfully via mpremote.

2025-07-10 16:36:25,747 - loading1.bin uploaded successfully via mpremote.

2025-07-10 16:36:27,159 - loading2.bin uploaded successfully via mpremote.

2025-07-10 16:36:28,350 - main.py uploaded successfully via mpremote.

2025-07-10 16:36:28,829 - upload.sh uploaded successfully via mpremote.

2025-07-10 16:36:30,275 - white.bin uploaded successfully via mpremote.

2025-07-10 16:36:30,280 - 已向 COM8 发送1200bps重启信号。

2025-07-10 16:36:32,292 - 
====================-----=====-----=====-----====================

2025-07-10 16:36:32,292 - Unplug

2025-07-10 16:36:32,292 - Please insert the CM5 module into the board.

2025-07-10 16:36:32,292 - Hold the CM5-boot and plug USB.

2025-07-10 16:36:32,293 - ====================-----=====-----=====-----====================


2025-07-10 16:36:35,293 - 
+++++++++++++++++++++++++++++++++++++++++++++++++++++++++++++++

2025-07-10 16:36:35,294 - [Prompt] Check if the Eink flash and display images (y/n):
2025-07-10 16:36:52,365 - [User Input] n
2025-07-10 16:36:52,365 - Eink and flash test failed.

2025-07-10 16:36:52,380 - 
==================== LED 检查 ====================

2025-07-10 16:36:52,380 - 请观察板子上的LED灯状态：
2025-07-10 16:36:52,380 -   - LED1: 顶部前方的LED
2025-07-10 16:36:52,381 -   - LED2: 侧面前方的LED

2025-07-10 16:36:52,381 - 请依次点亮LED1和LED2，并根据实际情况输入结果。
2025-07-10 16:36:52,381 - --------------------------------------------------

2025-07-10 16:36:53,381 - [Prompt] LED1 (top front) 是否正常点亮？(y/n):
2025-07-10 16:36:53,382 - [User Input] y
2025-07-10 16:36:53,382 - LED1 检查通过。

2025-07-10 16:36:53,383 - [Prompt] LED2 (side front) 是否正常点亮？(y/n):
2025-07-10 16:36:53,633 - [User Input] y
2025-07-10 16:36:53,633 - LED2 检查通过。

2025-07-10 16:36:53,634 - LED 检查完成。

2025-07-10 16:36:53,677 - Board ID 158 saved.
2025-07-10 16:36:53,677 - [Prompt] Keep test (y/n):
2025-07-10 16:36:57,441 - [User Input] y
2025-07-10 16:36:57,441 - [Prompt] Board ID（1-160）:
2025-07-10 16:37:00,849 - [User Input] 105
2025-07-10 16:37:00,884 - Init the Score board...

2025-07-10 16:37:00,884 - Number of test: 19
2025-07-10 16:37:00,885 - 
====================-----=====-----=====-----====================

2025-07-10 16:37:00,885 - Please hold down the SAM-BOOT button and then connect the device with a USB cable.

2025-07-10 16:37:00,885 - ====================-----=====-----=====-----====================


2025-07-10 16:37:00,885 - Waiting for RP2040 device connection...

2025-07-10 16:37:10,904 - Detected RP2040 device.

2025-07-10 16:37:10,937 - flash_nuke.uf2 uploaded successfully.
2025-07-10 16:37:10,937 - Waiting for RP2040 device to reconnect...

2025-07-10 16:37:23,865 - RPI_PICO-20240222-v1.22.2.uf2 uploaded successfully.

2025-07-10 16:37:24,062 - mpremote 设备已连接。

2025-07-10 16:37:27,149 - eink_driver_sam.py uploaded successfully via mpremote.

2025-07-10 16:37:28,555 - loading1.bin uploaded successfully via mpremote.

2025-07-10 16:37:29,945 - loading2.bin uploaded successfully via mpremote.

2025-07-10 16:37:31,076 - main.py uploaded successfully via mpremote.

2025-07-10 16:37:31,607 - upload.sh uploaded successfully via mpremote.

2025-07-10 16:37:33,068 - white.bin uploaded successfully via mpremote.

2025-07-10 16:37:33,077 - 已向 COM8 发送1200bps重启信号。

2025-07-10 16:37:35,095 - 
====================-----=====-----=====-----====================

2025-07-10 16:37:35,095 - Unplug

2025-07-10 16:37:35,095 - Please insert the CM5 module into the board.

2025-07-10 16:37:35,095 - Hold the CM5-boot and plug USB.

2025-07-10 16:37:35,095 - ====================-----=====-----=====-----====================


2025-07-10 16:37:38,096 - 
+++++++++++++++++++++++++++++++++++++++++++++++++++++++++++++++

2025-07-10 16:37:38,096 - [Prompt] Check if the Eink flash and display images (y/n):
2025-07-10 16:37:46,508 - [User Input] n
2025-07-10 16:37:46,508 - Eink and flash test failed.

2025-07-10 16:37:46,525 - 
==================== LED 检查 ====================

2025-07-10 16:37:46,525 - 请观察板子上的LED灯状态：
2025-07-10 16:37:46,525 -   - LED1: 顶部前方的LED
2025-07-10 16:37:46,525 -   - LED2: 侧面前方的LED

2025-07-10 16:37:46,525 - 请依次点亮LED1和LED2，并根据实际情况输入结果。
2025-07-10 16:37:46,526 - --------------------------------------------------

2025-07-10 16:37:47,526 - [Prompt] LED1 (top front) 是否正常点亮？(y/n):
2025-07-10 16:37:48,288 - [User Input] y
2025-07-10 16:37:48,288 - LED1 检查通过。

2025-07-10 16:37:48,289 - [Prompt] LED2 (side front) 是否正常点亮？(y/n):
2025-07-10 16:37:48,709 - [User Input] y
2025-07-10 16:37:48,709 - LED2 检查通过。

2025-07-10 16:37:48,709 - LED 检查完成。

2025-07-10 16:37:48,750 - Board ID 105 saved.
2025-07-10 16:37:48,750 - [Prompt] Keep test (y/n):
2025-07-10 16:37:49,913 - [User Input] y
2025-07-10 16:37:49,913 - [Prompt] Board ID（1-160）:
2025-07-10 16:37:52,915 - [User Input] 72
2025-07-10 16:37:52,951 - Init the Score board...

2025-07-10 16:37:52,951 - Number of test: 19
2025-07-10 16:37:52,951 - 
====================-----=====-----=====-----====================

2025-07-10 16:37:52,951 - Please hold down the SAM-BOOT button and then connect the device with a USB cable.

2025-07-10 16:37:52,951 - ====================-----=====-----=====-----====================


2025-07-10 16:37:52,952 - Waiting for RP2040 device connection...

2025-07-10 16:38:03,968 - Detected RP2040 device.

2025-07-10 16:38:04,003 - flash_nuke.uf2 uploaded successfully.
2025-07-10 16:38:04,004 - Waiting for RP2040 device to reconnect...

2025-07-10 16:38:16,718 - RPI_PICO-20240222-v1.22.2.uf2 uploaded successfully.

2025-07-10 16:38:16,997 - mpremote 设备已连接。

2025-07-10 16:38:20,057 - eink_driver_sam.py uploaded successfully via mpremote.

2025-07-10 16:38:21,487 - loading1.bin uploaded successfully via mpremote.

2025-07-10 16:38:22,929 - loading2.bin uploaded successfully via mpremote.

2025-07-10 16:38:24,079 - main.py uploaded successfully via mpremote.

2025-07-10 16:38:24,577 - upload.sh uploaded successfully via mpremote.

2025-07-10 16:38:25,986 - white.bin uploaded successfully via mpremote.

2025-07-10 16:38:25,991 - 已向 COM8 发送1200bps重启信号。

2025-07-10 16:38:28,048 - 
====================-----=====-----=====-----====================

2025-07-10 16:38:28,048 - Unplug

2025-07-10 16:38:28,048 - Please insert the CM5 module into the board.

2025-07-10 16:38:28,049 - Hold the CM5-boot and plug USB.

2025-07-10 16:38:28,049 - ====================-----=====-----=====-----====================


2025-07-10 16:38:31,049 - 
+++++++++++++++++++++++++++++++++++++++++++++++++++++++++++++++

2025-07-10 16:38:31,049 - [Prompt] Check if the Eink flash and display images (y/n):
2025-07-10 16:38:41,840 - [User Input] n
2025-07-10 16:38:41,840 - Eink and flash test failed.

2025-07-10 16:38:41,853 - 
==================== LED 检查 ====================

2025-07-10 16:38:41,853 - 请观察板子上的LED灯状态：
2025-07-10 16:38:41,853 -   - LED1: 顶部前方的LED
2025-07-10 16:38:41,854 -   - LED2: 侧面前方的LED

2025-07-10 16:38:41,854 - 请依次点亮LED1和LED2，并根据实际情况输入结果。
2025-07-10 16:38:41,854 - --------------------------------------------------

2025-07-10 16:38:42,855 - [Prompt] LED1 (top front) 是否正常点亮？(y/n):
2025-07-10 16:38:42,894 - [User Input] y
2025-07-10 16:38:42,895 - LED1 检查通过。

2025-07-10 16:38:42,895 - [Prompt] LED2 (side front) 是否正常点亮？(y/n):
2025-07-10 16:38:43,096 - [User Input] y
2025-07-10 16:38:43,096 - LED2 检查通过。

2025-07-10 16:38:43,096 - LED 检查完成。

2025-07-10 16:38:43,141 - Board ID 72 saved.
2025-07-10 16:38:43,141 - [Prompt] Keep test (y/n):
2025-07-10 16:38:43,982 - [User Input] y
2025-07-10 16:38:43,983 - [Prompt] Board ID（1-160）:
2025-07-10 16:38:46,879 - [User Input] 43
2025-07-10 16:38:46,917 - Init the Score board...

2025-07-10 16:38:46,917 - Number of test: 19
2025-07-10 16:38:46,917 - 
====================-----=====-----=====-----====================

2025-07-10 16:38:46,917 - Please hold down the SAM-BOOT button and then connect the device with a USB cable.

2025-07-10 16:38:46,918 - ====================-----=====-----=====-----====================


2025-07-10 16:38:46,918 - Waiting for RP2040 device connection...

2025-07-10 16:38:51,926 - Detected RP2040 device.

2025-07-10 16:38:52,017 - flash_nuke.uf2 uploaded successfully.
2025-07-10 16:38:52,029 - Waiting for RP2040 device to reconnect...

2025-07-10 16:39:04,980 - RPI_PICO-20240222-v1.22.2.uf2 uploaded successfully.

2025-07-10 16:39:05,149 - mpremote 设备已连接。

2025-07-10 16:39:08,212 - eink_driver_sam.py uploaded successfully via mpremote.

2025-07-10 16:39:09,594 - loading1.bin uploaded successfully via mpremote.

2025-07-10 16:39:10,974 - loading2.bin uploaded successfully via mpremote.

2025-07-10 16:39:12,096 - main.py uploaded successfully via mpremote.

2025-07-10 16:39:12,543 - upload.sh uploaded successfully via mpremote.

2025-07-10 16:39:13,967 - white.bin uploaded successfully via mpremote.

2025-07-10 16:39:13,972 - 已向 COM8 发送1200bps重启信号。

2025-07-10 16:39:15,986 - 
====================-----=====-----=====-----====================

2025-07-10 16:39:15,986 - Unplug

2025-07-10 16:39:15,986 - Please insert the CM5 module into the board.

2025-07-10 16:39:15,987 - Hold the CM5-boot and plug USB.

2025-07-10 16:39:15,987 - ====================-----=====-----=====-----====================


2025-07-10 16:39:18,987 - 
+++++++++++++++++++++++++++++++++++++++++++++++++++++++++++++++

2025-07-10 16:39:18,988 - [Prompt] Check if the Eink flash and display images (y/n):
2025-07-10 16:39:29,534 - [User Input] n
2025-07-10 16:39:29,534 - Eink and flash test failed.

2025-07-10 16:39:29,549 - 
==================== LED 检查 ====================

2025-07-10 16:39:29,549 - 请观察板子上的LED灯状态：
2025-07-10 16:39:29,549 -   - LED1: 顶部前方的LED
2025-07-10 16:39:29,549 -   - LED2: 侧面前方的LED

2025-07-10 16:39:29,549 - 请依次点亮LED1和LED2，并根据实际情况输入结果。
2025-07-10 16:39:29,550 - --------------------------------------------------

2025-07-10 16:39:30,550 - [Prompt] LED1 (top front) 是否正常点亮？(y/n):
2025-07-10 16:39:30,551 - [User Input] y
2025-07-10 16:39:30,551 - LED1 检查通过。

2025-07-10 16:39:30,551 - [Prompt] LED2 (side front) 是否正常点亮？(y/n):
2025-07-10 16:39:30,551 - [User Input] y
2025-07-10 16:39:30,551 - LED2 检查通过。

2025-07-10 16:39:30,551 - LED 检查完成。

2025-07-10 16:39:30,606 - Board ID 43 saved.
2025-07-10 16:39:30,607 - [Prompt] Keep test (y/n):
2025-07-10 16:39:30,607 - [User Input] y
2025-07-10 16:39:30,607 - [Prompt] Board ID（1-160）:
2025-07-10 16:39:34,234 - [User Input] 50
2025-07-10 16:39:34,275 - Init the Score board...

2025-07-10 16:39:34,275 - Number of test: 19
2025-07-10 16:39:34,275 - 
====================-----=====-----=====-----====================

2025-07-10 16:39:34,275 - Please hold down the SAM-BOOT button and then connect the device with a USB cable.

2025-07-10 16:39:34,275 - ====================-----=====-----=====-----====================


2025-07-10 16:39:34,276 - Waiting for RP2040 device connection...

2025-07-10 16:39:39,322 - Detected RP2040 device.

2025-07-10 16:39:39,371 - flash_nuke.uf2 uploaded successfully.
2025-07-10 16:39:39,471 - Waiting for RP2040 device to reconnect...

2025-07-10 16:39:51,317 - RPI_PICO-20240222-v1.22.2.uf2 uploaded successfully.

2025-07-10 16:39:51,786 - mpremote 设备已连接。

2025-07-10 16:39:54,827 - eink_driver_sam.py uploaded successfully via mpremote.

2025-07-10 16:39:56,233 - loading1.bin uploaded successfully via mpremote.

2025-07-10 16:39:57,654 - loading2.bin uploaded successfully via mpremote.

2025-07-10 16:39:58,791 - main.py uploaded successfully via mpremote.

2025-07-10 16:39:59,305 - upload.sh uploaded successfully via mpremote.

2025-07-10 16:40:00,728 - white.bin uploaded successfully via mpremote.

2025-07-10 16:40:00,732 - 已向 COM8 发送1200bps重启信号。

2025-07-10 16:40:02,754 - 
====================-----=====-----=====-----====================

2025-07-10 16:40:02,754 - Unplug

2025-07-10 16:40:02,754 - Please insert the CM5 module into the board.

2025-07-10 16:40:02,754 - Hold the CM5-boot and plug USB.

2025-07-10 16:40:02,754 - ====================-----=====-----=====-----====================


2025-07-10 16:40:05,755 - 
+++++++++++++++++++++++++++++++++++++++++++++++++++++++++++++++

2025-07-10 16:40:05,756 - [Prompt] Check if the Eink flash and display images (y/n):
2025-07-10 16:40:12,228 - [User Input] n
2025-07-10 16:40:12,229 - Eink and flash test failed.

2025-07-10 16:40:12,249 - 
==================== LED 检查 ====================

2025-07-10 16:40:12,249 - 请观察板子上的LED灯状态：
2025-07-10 16:40:12,249 -   - LED1: 顶部前方的LED
2025-07-10 16:40:12,249 -   - LED2: 侧面前方的LED

2025-07-10 16:40:12,249 - 请依次点亮LED1和LED2，并根据实际情况输入结果。
2025-07-10 16:40:12,250 - --------------------------------------------------

2025-07-10 16:40:13,252 - [Prompt] LED1 (top front) 是否正常点亮？(y/n):
2025-07-10 16:40:13,660 - [User Input] y
2025-07-10 16:40:13,661 - LED1 检查通过。

2025-07-10 16:40:13,661 - [Prompt] LED2 (side front) 是否正常点亮？(y/n):
2025-07-10 16:40:13,851 - [User Input] y
2025-07-10 16:40:13,851 - LED2 检查通过。

2025-07-10 16:40:13,851 - LED 检查完成。

2025-07-10 16:40:13,893 - Board ID 50 saved.
2025-07-10 16:40:13,893 - [Prompt] Keep test (y/n):
2025-07-10 16:40:14,027 - [User Input] y
2025-07-10 16:40:14,027 - [Prompt] Board ID（1-160）:
2025-07-10 16:40:16,436 - [User Input] 41
2025-07-10 16:40:16,478 - Init the Score board...

2025-07-10 16:40:16,479 - Number of test: 19
2025-07-10 16:40:16,479 - 
====================-----=====-----=====-----====================

2025-07-10 16:40:16,479 - Please hold down the SAM-BOOT button and then connect the device with a USB cable.

2025-07-10 16:40:16,479 - ====================-----=====-----=====-----====================


2025-07-10 16:40:16,479 - Waiting for RP2040 device connection...

2025-07-10 16:40:22,490 - Detected RP2040 device.

2025-07-10 16:40:22,533 - flash_nuke.uf2 uploaded successfully.
2025-07-10 16:40:22,534 - Waiting for RP2040 device to reconnect...

2025-07-10 16:40:35,771 - RPI_PICO-20240222-v1.22.2.uf2 uploaded successfully.

2025-07-10 16:40:36,119 - mpremote 设备已连接。

2025-07-10 16:40:39,215 - eink_driver_sam.py uploaded successfully via mpremote.

2025-07-10 16:40:40,650 - loading1.bin uploaded successfully via mpremote.

2025-07-10 16:40:42,089 - loading2.bin uploaded successfully via mpremote.

2025-07-10 16:40:43,263 - main.py uploaded successfully via mpremote.

2025-07-10 16:40:43,796 - upload.sh uploaded successfully via mpremote.

2025-07-10 16:40:45,257 - white.bin uploaded successfully via mpremote.

2025-07-10 16:40:45,263 - 已向 COM8 发送1200bps重启信号。

2025-07-10 16:40:47,285 - 
====================-----=====-----=====-----====================

2025-07-10 16:40:47,285 - Unplug

2025-07-10 16:40:47,285 - Please insert the CM5 module into the board.

2025-07-10 16:40:47,285 - Hold the CM5-boot and plug USB.

2025-07-10 16:40:47,285 - ====================-----=====-----=====-----====================


2025-07-10 16:40:50,287 - 
+++++++++++++++++++++++++++++++++++++++++++++++++++++++++++++++

2025-07-10 16:40:50,288 - [Prompt] Check if the Eink flash and display images (y/n):
2025-07-10 16:40:57,222 - [User Input] n
2025-07-10 16:40:57,223 - Eink and flash test failed.

2025-07-10 16:40:57,237 - 
==================== LED 检查 ====================

2025-07-10 16:40:57,237 - 请观察板子上的LED灯状态：
2025-07-10 16:40:57,237 -   - LED1: 顶部前方的LED
2025-07-10 16:40:57,237 -   - LED2: 侧面前方的LED

2025-07-10 16:40:57,237 - 请依次点亮LED1和LED2，并根据实际情况输入结果。
2025-07-10 16:40:57,237 - --------------------------------------------------

2025-07-10 16:40:58,238 - [Prompt] LED1 (top front) 是否正常点亮？(y/n):
2025-07-10 16:40:58,239 - [User Input] y
2025-07-10 16:40:58,240 - LED1 检查通过。

2025-07-10 16:40:58,240 - [Prompt] LED2 (side front) 是否正常点亮？(y/n):
2025-07-10 16:40:58,302 - [User Input] y
2025-07-10 16:40:58,302 - LED2 检查通过。

2025-07-10 16:40:58,302 - LED 检查完成。

2025-07-10 16:40:58,341 - Board ID 41 saved.
2025-07-10 16:40:58,342 - [Prompt] Keep test (y/n):
2025-07-10 16:40:58,476 - [User Input] y
2025-07-10 16:40:58,477 - [Prompt] Board ID（1-160）:
2025-07-10 16:41:00,857 - [User Input] 51
2025-07-10 16:41:00,892 - Init the Score board...

2025-07-10 16:41:00,892 - Number of test: 19
2025-07-10 16:41:00,892 - 
====================-----=====-----=====-----====================

2025-07-10 16:41:00,892 - Please hold down the SAM-BOOT button and then connect the device with a USB cable.

2025-07-10 16:41:00,892 - ====================-----=====-----=====-----====================


2025-07-10 16:41:00,893 - Waiting for RP2040 device connection...

2025-07-10 16:41:04,899 - Detected RP2040 device.

2025-07-10 16:41:04,970 - flash_nuke.uf2 uploaded successfully.
2025-07-10 16:41:04,971 - Waiting for RP2040 device to reconnect...

2025-07-10 16:41:17,771 - RPI_PICO-20240222-v1.22.2.uf2 uploaded successfully.

2025-07-10 16:41:17,986 - mpremote 设备已连接。

2025-07-10 16:41:21,041 - eink_driver_sam.py uploaded successfully via mpremote.

2025-07-10 16:41:22,455 - loading1.bin uploaded successfully via mpremote.

2025-07-10 16:41:23,876 - loading2.bin uploaded successfully via mpremote.

2025-07-10 16:41:24,994 - main.py uploaded successfully via mpremote.

2025-07-10 16:41:25,504 - upload.sh uploaded successfully via mpremote.

2025-07-10 16:41:26,980 - white.bin uploaded successfully via mpremote.

2025-07-10 16:41:26,984 - 已向 COM8 发送1200bps重启信号。

2025-07-10 16:41:29,003 - 
====================-----=====-----=====-----====================

2025-07-10 16:41:29,004 - Unplug

2025-07-10 16:41:29,004 - Please insert the CM5 module into the board.

2025-07-10 16:41:29,004 - Hold the CM5-boot and plug USB.

2025-07-10 16:41:29,004 - ====================-----=====-----=====-----====================


2025-07-10 16:41:32,005 - 
+++++++++++++++++++++++++++++++++++++++++++++++++++++++++++++++

2025-07-10 16:41:32,006 - [Prompt] Check if the Eink flash and display images (y/n):
2025-07-10 16:41:40,581 - [User Input] n
2025-07-10 16:41:40,582 - Eink and flash test failed.

2025-07-10 16:41:40,597 - 
==================== LED 检查 ====================

2025-07-10 16:41:40,598 - 请观察板子上的LED灯状态：
2025-07-10 16:41:40,598 -   - LED1: 顶部前方的LED
2025-07-10 16:41:40,598 -   - LED2: 侧面前方的LED

2025-07-10 16:41:40,598 - 请依次点亮LED1和LED2，并根据实际情况输入结果。
2025-07-10 16:41:40,598 - --------------------------------------------------

2025-07-10 16:41:41,599 - [Prompt] LED1 (top front) 是否正常点亮？(y/n):
2025-07-10 16:41:41,600 - [User Input] y
2025-07-10 16:41:41,600 - LED1 检查通过。

2025-07-10 16:41:41,600 - [Prompt] LED2 (side front) 是否正常点亮？(y/n):
2025-07-10 16:41:41,600 - [User Input] y
2025-07-10 16:41:41,600 - LED2 检查通过。

2025-07-10 16:41:41,600 - LED 检查完成。

2025-07-10 16:41:41,644 - Board ID 51 saved.
2025-07-10 16:41:41,644 - [Prompt] Keep test (y/n):
2025-07-10 16:41:41,738 - [User Input] y
2025-07-10 16:41:41,738 - [Prompt] Board ID（1-160）:
2025-07-10 16:41:44,092 - [User Input] 53
2025-07-10 16:41:44,130 - Init the Score board...

2025-07-10 16:41:44,130 - Number of test: 19
2025-07-10 16:41:44,130 - 
====================-----=====-----=====-----====================

2025-07-10 16:41:44,130 - Please hold down the SAM-BOOT button and then connect the device with a USB cable.

2025-07-10 16:41:44,131 - ====================-----=====-----=====-----====================


2025-07-10 16:41:44,131 - Waiting for RP2040 device connection...

2025-07-10 16:41:49,147 - Detected RP2040 device.

2025-07-10 16:41:49,187 - flash_nuke.uf2 uploaded successfully.
2025-07-10 16:41:49,188 - Waiting for RP2040 device to reconnect...

2025-07-10 16:42:02,021 - RPI_PICO-20240222-v1.22.2.uf2 uploaded successfully.

2025-07-10 16:42:02,254 - mpremote 设备已连接。

2025-07-10 16:42:05,297 - eink_driver_sam.py uploaded successfully via mpremote.

2025-07-10 16:42:06,681 - loading1.bin uploaded successfully via mpremote.

2025-07-10 16:42:08,074 - loading2.bin uploaded successfully via mpremote.

2025-07-10 16:42:09,192 - main.py uploaded successfully via mpremote.

2025-07-10 16:42:09,696 - upload.sh uploaded successfully via mpremote.

2025-07-10 16:42:11,117 - white.bin uploaded successfully via mpremote.

2025-07-10 16:42:11,127 - 已向 COM8 发送1200bps重启信号。

2025-07-10 16:42:13,156 - 
====================-----=====-----=====-----====================

2025-07-10 16:42:13,156 - Unplug

2025-07-10 16:42:13,156 - Please insert the CM5 module into the board.

2025-07-10 16:42:13,156 - Hold the CM5-boot and plug USB.

2025-07-10 16:42:13,156 - ====================-----=====-----=====-----====================


2025-07-10 16:42:16,157 - 
+++++++++++++++++++++++++++++++++++++++++++++++++++++++++++++++

2025-07-10 16:42:16,157 - [Prompt] Check if the Eink flash and display images (y/n):
2025-07-10 16:42:25,211 - [User Input] n
2025-07-10 16:42:25,211 - Eink and flash test failed.

2025-07-10 16:42:25,225 - 
==================== LED 检查 ====================

2025-07-10 16:42:25,225 - 请观察板子上的LED灯状态：
2025-07-10 16:42:25,225 -   - LED1: 顶部前方的LED
2025-07-10 16:42:25,226 -   - LED2: 侧面前方的LED

2025-07-10 16:42:25,226 - 请依次点亮LED1和LED2，并根据实际情况输入结果。
2025-07-10 16:42:25,226 - --------------------------------------------------

2025-07-10 16:42:26,226 - [Prompt] LED1 (top front) 是否正常点亮？(y/n):
2025-07-10 16:42:26,227 - [User Input] y
2025-07-10 16:42:26,227 - LED1 检查通过。

2025-07-10 16:42:26,227 - [Prompt] LED2 (side front) 是否正常点亮？(y/n):
2025-07-10 16:42:26,228 - [User Input] y
2025-07-10 16:42:26,228 - LED2 检查通过。

2025-07-10 16:42:26,228 - LED 检查完成。

2025-07-10 16:42:26,267 - Board ID 53 saved.
2025-07-10 16:42:26,268 - [Prompt] Keep test (y/n):
2025-07-10 16:42:28,037 - [User Input] y
2025-07-10 16:42:28,037 - [Prompt] Board ID（1-160）:
2025-07-10 16:42:29,276 - [User Input] 53
2025-07-10 16:42:29,307 - [Warning] This board ID has already been tested. Please enter a new ID.

2025-07-10 16:42:29,307 - [Prompt] Board ID（1-160）:
2025-07-10 16:42:37,043 - [User Input] 56
2025-07-10 16:42:37,050 - Init the Score board...

2025-07-10 16:42:37,050 - Number of test: 19
2025-07-10 16:42:37,050 - 
====================-----=====-----=====-----====================

2025-07-10 16:42:37,050 - Please hold down the SAM-BOOT button and then connect the device with a USB cable.

2025-07-10 16:42:37,050 - ====================-----=====-----=====-----====================


2025-07-10 16:42:37,050 - Waiting for RP2040 device connection...

2025-07-10 16:42:42,061 - Detected RP2040 device.

2025-07-10 16:42:42,095 - flash_nuke.uf2 uploaded successfully.
2025-07-10 16:42:42,095 - Waiting for RP2040 device to reconnect...

2025-07-10 16:42:55,018 - RPI_PICO-20240222-v1.22.2.uf2 uploaded successfully.

2025-07-10 16:42:55,232 - mpremote 设备已连接。

2025-07-10 16:42:58,372 - eink_driver_sam.py uploaded successfully via mpremote.

2025-07-10 16:42:59,767 - loading1.bin uploaded successfully via mpremote.

2025-07-10 16:43:01,183 - loading2.bin uploaded successfully via mpremote.

2025-07-10 16:43:02,337 - main.py uploaded successfully via mpremote.

2025-07-10 16:43:02,810 - upload.sh uploaded successfully via mpremote.

2025-07-10 16:43:04,355 - white.bin uploaded successfully via mpremote.

2025-07-10 16:43:04,359 - 已向 COM8 发送1200bps重启信号。

2025-07-10 16:43:06,375 - 
====================-----=====-----=====-----====================

2025-07-10 16:43:06,375 - Unplug

2025-07-10 16:43:06,375 - Please insert the CM5 module into the board.

2025-07-10 16:43:06,376 - Hold the CM5-boot and plug USB.

2025-07-10 16:43:06,376 - ====================-----=====-----=====-----====================


2025-07-10 16:43:09,377 - 
+++++++++++++++++++++++++++++++++++++++++++++++++++++++++++++++

2025-07-10 16:43:09,377 - [Prompt] Check if the Eink flash and display images (y/n):
2025-07-10 16:43:15,987 - [User Input] n
2025-07-10 16:43:15,987 - Eink and flash test failed.

2025-07-10 16:43:16,004 - 
==================== LED 检查 ====================

2025-07-10 16:43:16,004 - 请观察板子上的LED灯状态：
2025-07-10 16:43:16,004 -   - LED1: 顶部前方的LED
2025-07-10 16:43:16,005 -   - LED2: 侧面前方的LED

2025-07-10 16:43:16,005 - 请依次点亮LED1和LED2，并根据实际情况输入结果。
2025-07-10 16:43:16,005 - --------------------------------------------------

2025-07-10 16:43:17,006 - [Prompt] LED1 (top front) 是否正常点亮？(y/n):
2025-07-10 16:43:17,317 - [User Input] y
2025-07-10 16:43:17,317 - LED1 检查通过。

2025-07-10 16:43:17,317 - [Prompt] LED2 (side front) 是否正常点亮？(y/n):
2025-07-10 16:43:17,847 - [User Input] y
2025-07-10 16:43:17,847 - LED2 检查通过。

2025-07-10 16:43:17,847 - LED 检查完成。

2025-07-10 16:43:17,895 - Board ID 56 saved.
2025-07-10 16:43:17,895 - [Prompt] Keep test (y/n):
2025-07-10 16:43:19,609 - [User Input] y
2025-07-10 16:43:19,609 - [Prompt] Board ID（1-160）:
2025-07-10 16:43:22,690 - [User Input] 38
2025-07-10 16:43:22,732 - Init the Score board...

2025-07-10 16:43:22,732 - Number of test: 19
2025-07-10 16:43:22,732 - 
====================-----=====-----=====-----====================

2025-07-10 16:43:22,732 - Please hold down the SAM-BOOT button and then connect the device with a USB cable.

2025-07-10 16:43:22,733 - ====================-----=====-----=====-----====================


2025-07-10 16:43:22,733 - Waiting for RP2040 device connection...

2025-07-10 16:43:26,774 - Detected RP2040 device.

2025-07-10 16:43:26,839 - flash_nuke.uf2 uploaded successfully.
2025-07-10 16:43:26,845 - Waiting for RP2040 device to reconnect...

2025-07-10 16:43:39,483 - RPI_PICO-20240222-v1.22.2.uf2 uploaded successfully.

2025-07-10 16:43:39,701 - mpremote 设备已连接。

2025-07-10 16:43:42,758 - eink_driver_sam.py uploaded successfully via mpremote.

2025-07-10 16:43:44,170 - loading1.bin uploaded successfully via mpremote.

2025-07-10 16:43:45,555 - loading2.bin uploaded successfully via mpremote.

2025-07-10 16:43:46,671 - main.py uploaded successfully via mpremote.

2025-07-10 16:43:47,173 - upload.sh uploaded successfully via mpremote.

2025-07-10 16:43:48,584 - white.bin uploaded successfully via mpremote.

2025-07-10 16:43:48,590 - 已向 COM8 发送1200bps重启信号。

2025-07-10 16:43:50,613 - 
====================-----=====-----=====-----====================

2025-07-10 16:43:50,613 - Unplug

2025-07-10 16:43:50,613 - Please insert the CM5 module into the board.

2025-07-10 16:43:50,613 - Hold the CM5-boot and plug USB.

2025-07-10 16:43:50,614 - ====================-----=====-----=====-----====================


2025-07-10 16:43:53,614 - 
+++++++++++++++++++++++++++++++++++++++++++++++++++++++++++++++

2025-07-10 16:43:53,615 - [Prompt] Check if the Eink flash and display images (y/n):
2025-07-10 16:44:04,318 - [User Input] n
2025-07-10 16:44:04,318 - Eink and flash test failed.

2025-07-10 16:44:04,331 - 
==================== LED 检查 ====================

2025-07-10 16:44:04,331 - 请观察板子上的LED灯状态：
2025-07-10 16:44:04,331 -   - LED1: 顶部前方的LED
2025-07-10 16:44:04,331 -   - LED2: 侧面前方的LED

2025-07-10 16:44:04,331 - 请依次点亮LED1和LED2，并根据实际情况输入结果。
2025-07-10 16:44:04,332 - --------------------------------------------------

2025-07-10 16:44:05,332 - [Prompt] LED1 (top front) 是否正常点亮？(y/n):
2025-07-10 16:44:05,332 - [User Input] y
2025-07-10 16:44:05,332 - LED1 检查通过。

2025-07-10 16:44:05,333 - [Prompt] LED2 (side front) 是否正常点亮？(y/n):
2025-07-10 16:44:05,333 - [User Input] y
2025-07-10 16:44:05,333 - LED2 检查通过。

2025-07-10 16:44:05,333 - LED 检查完成。

2025-07-10 16:44:05,410 - Board ID 38 saved.
2025-07-10 16:44:05,411 - [Prompt] Keep test (y/n):
2025-07-10 16:44:06,293 - [User Input] y
2025-07-10 16:44:06,293 - [Prompt] Board ID（1-160）:
2025-07-10 16:44:25,144 - [User Input] 21
2025-07-10 16:44:25,182 - Init the Score board...

2025-07-10 16:44:25,182 - Number of test: 19
2025-07-10 16:44:25,183 - 
====================-----=====-----=====-----====================

2025-07-10 16:44:25,183 - Please hold down the SAM-BOOT button and then connect the device with a USB cable.

2025-07-10 16:44:25,183 - ====================-----=====-----=====-----====================


2025-07-10 16:44:25,183 - Waiting for RP2040 device connection...

2025-07-10 16:44:25,184 - Detected RP2040 device.

2025-07-10 16:44:25,218 - flash_nuke.uf2 uploaded successfully.
2025-07-10 16:44:25,219 - Waiting for RP2040 device to reconnect...

2025-07-10 16:44:38,034 - RPI_PICO-20240222-v1.22.2.uf2 uploaded successfully.

2025-07-10 16:44:38,265 - mpremote 设备已连接。

2025-07-10 16:44:41,302 - eink_driver_sam.py uploaded successfully via mpremote.

2025-07-10 16:44:42,714 - loading1.bin uploaded successfully via mpremote.

2025-07-10 16:44:44,126 - loading2.bin uploaded successfully via mpremote.

2025-07-10 16:44:45,276 - main.py uploaded successfully via mpremote.

2025-07-10 16:44:45,775 - upload.sh uploaded successfully via mpremote.

2025-07-10 16:44:47,189 - white.bin uploaded successfully via mpremote.

2025-07-10 16:44:47,193 - 已向 COM8 发送1200bps重启信号。

2025-07-10 16:44:49,215 - 
====================-----=====-----=====-----====================

2025-07-10 16:44:49,215 - Unplug

2025-07-10 16:44:49,215 - Please insert the CM5 module into the board.

2025-07-10 16:44:49,215 - Hold the CM5-boot and plug USB.

2025-07-10 16:44:49,215 - ====================-----=====-----=====-----====================


2025-07-10 16:44:52,215 - 
+++++++++++++++++++++++++++++++++++++++++++++++++++++++++++++++

2025-07-10 16:44:52,216 - [Prompt] Check if the Eink flash and display images (y/n):
2025-07-10 16:45:02,123 - [User Input] n
2025-07-10 16:45:02,124 - Eink and flash test failed.

2025-07-10 16:45:02,142 - 
==================== LED 检查 ====================

2025-07-10 16:45:02,142 - 请观察板子上的LED灯状态：
2025-07-10 16:45:02,142 -   - LED1: 顶部前方的LED
2025-07-10 16:45:02,142 -   - LED2: 侧面前方的LED

2025-07-10 16:45:02,142 - 请依次点亮LED1和LED2，并根据实际情况输入结果。
2025-07-10 16:45:02,143 - --------------------------------------------------

2025-07-10 16:45:03,143 - [Prompt] LED1 (top front) 是否正常点亮？(y/n):
2025-07-10 16:45:03,143 - [User Input] y
2025-07-10 16:45:03,143 - LED1 检查通过。

2025-07-10 16:45:03,144 - [Prompt] LED2 (side front) 是否正常点亮？(y/n):
2025-07-10 16:45:04,130 - [User Input] y
2025-07-10 16:45:04,130 - LED2 检查通过。

2025-07-10 16:45:04,130 - LED 检查完成。

2025-07-10 16:45:04,174 - Board ID 21 saved.
2025-07-10 16:45:04,174 - [Prompt] Keep test (y/n):
2025-07-10 16:45:05,725 - [User Input] y
2025-07-10 16:45:05,725 - [Prompt] Board ID（1-160）:
2025-07-10 16:45:07,843 - [User Input] 34
2025-07-10 16:45:07,888 - Init the Score board...

2025-07-10 16:45:07,888 - Number of test: 19
2025-07-10 16:45:07,888 - 
====================-----=====-----=====-----====================

2025-07-10 16:45:07,888 - Please hold down the SAM-BOOT button and then connect the device with a USB cable.

2025-07-10 16:45:07,888 - ====================-----=====-----=====-----====================


2025-07-10 16:45:07,889 - Waiting for RP2040 device connection...

2025-07-10 16:45:15,899 - Detected RP2040 device.

2025-07-10 16:45:15,932 - flash_nuke.uf2 uploaded successfully.
2025-07-10 16:45:15,932 - Waiting for RP2040 device to reconnect...

2025-07-10 16:45:28,757 - RPI_PICO-20240222-v1.22.2.uf2 uploaded successfully.

2025-07-10 16:45:28,952 - mpremote 设备已连接。

2025-07-10 16:45:31,998 - eink_driver_sam.py uploaded successfully via mpremote.

2025-07-10 16:45:33,375 - loading1.bin uploaded successfully via mpremote.

2025-07-10 16:45:34,789 - loading2.bin uploaded successfully via mpremote.

2025-07-10 16:45:35,904 - main.py uploaded successfully via mpremote.

2025-07-10 16:45:36,399 - upload.sh uploaded successfully via mpremote.

2025-07-10 16:45:37,793 - white.bin uploaded successfully via mpremote.

2025-07-10 16:45:37,798 - 已向 COM8 发送1200bps重启信号。

2025-07-10 16:45:39,813 - 
====================-----=====-----=====-----====================

2025-07-10 16:45:39,813 - Unplug

2025-07-10 16:45:39,813 - Please insert the CM5 module into the board.

2025-07-10 16:45:39,813 - Hold the CM5-boot and plug USB.

2025-07-10 16:45:39,813 - ====================-----=====-----=====-----====================


2025-07-10 16:45:42,814 - 
+++++++++++++++++++++++++++++++++++++++++++++++++++++++++++++++

2025-07-10 16:45:42,814 - [Prompt] Check if the Eink flash and display images (y/n):
2025-07-10 16:46:07,233 - [User Input] n
2025-07-10 16:46:07,233 - Eink and flash test failed.

2025-07-10 16:46:07,248 - 
==================== LED 检查 ====================

2025-07-10 16:46:07,248 - 请观察板子上的LED灯状态：
2025-07-10 16:46:07,248 -   - LED1: 顶部前方的LED
2025-07-10 16:46:07,248 -   - LED2: 侧面前方的LED

2025-07-10 16:46:07,249 - 请依次点亮LED1和LED2，并根据实际情况输入结果。
2025-07-10 16:46:07,249 - --------------------------------------------------

2025-07-10 16:46:08,250 - [Prompt] LED1 (top front) 是否正常点亮？(y/n):
2025-07-10 16:46:09,133 - [User Input] yy
2025-07-10 16:46:09,133 - LED1 检查未通过。

2025-07-10 16:46:09,133 - [Prompt] LED2 (side front) 是否正常点亮？(y/n):
2025-07-10 16:46:09,397 - [User Input] y
2025-07-10 16:46:09,397 - LED2 检查通过。

2025-07-10 16:46:09,397 - LED 检查完成。

2025-07-10 16:46:09,445 - Board ID 34 saved.
2025-07-10 16:46:09,446 - [Prompt] Keep test (y/n):
2025-07-10 16:46:17,563 - [User Input] y
2025-07-10 16:46:17,564 - [Prompt] Board ID（1-160）:
2025-07-10 16:46:21,948 - [User Input] 36
2025-07-10 16:46:21,987 - Init the Score board...

2025-07-10 16:46:21,988 - Number of test: 19
2025-07-10 16:46:21,988 - 
====================-----=====-----=====-----====================

2025-07-10 16:46:21,988 - Please hold down the SAM-BOOT button and then connect the device with a USB cable.

2025-07-10 16:46:21,988 - ====================-----=====-----=====-----====================


2025-07-10 16:46:21,988 - Waiting for RP2040 device connection...

2025-07-10 16:46:30,078 - Detected RP2040 device.

2025-07-10 16:46:30,147 - flash_nuke.uf2 uploaded successfully.
2025-07-10 16:46:30,162 - Waiting for RP2040 device to reconnect...

2025-07-10 16:46:42,974 - RPI_PICO-20240222-v1.22.2.uf2 uploaded successfully.

2025-07-10 16:46:43,218 - mpremote 设备已连接。

2025-07-10 16:46:46,309 - eink_driver_sam.py uploaded successfully via mpremote.

2025-07-10 16:46:47,721 - loading1.bin uploaded successfully via mpremote.

2025-07-10 16:46:49,160 - loading2.bin uploaded successfully via mpremote.

2025-07-10 16:46:50,299 - main.py uploaded successfully via mpremote.

2025-07-10 16:46:50,828 - upload.sh uploaded successfully via mpremote.

2025-07-10 16:46:52,272 - white.bin uploaded successfully via mpremote.

2025-07-10 16:46:52,280 - 已向 COM8 发送1200bps重启信号。

2025-07-10 16:46:54,308 - 
====================-----=====-----=====-----====================

2025-07-10 16:46:54,308 - Unplug

2025-07-10 16:46:54,308 - Please insert the CM5 module into the board.

2025-07-10 16:46:54,308 - Hold the CM5-boot and plug USB.

2025-07-10 16:46:54,308 - ====================-----=====-----=====-----====================


2025-07-10 16:46:57,309 - 
+++++++++++++++++++++++++++++++++++++++++++++++++++++++++++++++

2025-07-10 16:46:57,309 - [Prompt] Check if the Eink flash and display images (y/n):
2025-07-10 16:47:10,235 - [User Input] n
2025-07-10 16:47:10,235 - Eink and flash test failed.

2025-07-10 16:47:10,253 - 
==================== LED 检查 ====================

2025-07-10 16:47:10,254 - 请观察板子上的LED灯状态：
2025-07-10 16:47:10,254 -   - LED1: 顶部前方的LED
2025-07-10 16:47:10,255 -   - LED2: 侧面前方的LED

2025-07-10 16:47:10,255 - 请依次点亮LED1和LED2，并根据实际情况输入结果。
2025-07-10 16:47:10,255 - --------------------------------------------------

2025-07-10 16:47:11,256 - [Prompt] LED1 (top front) 是否正常点亮？(y/n):
2025-07-10 16:47:11,256 - [User Input] y
2025-07-10 16:47:11,256 - LED1 检查通过。

2025-07-10 16:47:11,256 - [Prompt] LED2 (side front) 是否正常点亮？(y/n):
2025-07-10 16:47:11,285 - [User Input] y
2025-07-10 16:47:11,285 - LED2 检查通过。

2025-07-10 16:47:11,285 - LED 检查完成。

2025-07-10 16:47:11,331 - Board ID 36 saved.
2025-07-10 16:47:11,331 - [Prompt] Keep test (y/n):
2025-07-10 16:47:12,660 - [User Input] y
2025-07-10 16:47:12,660 - [Prompt] Board ID（1-160）:
2025-07-10 16:47:31,726 - [User Input] 54
2025-07-10 16:47:31,763 - Init the Score board...

2025-07-10 16:47:31,763 - Number of test: 19
2025-07-10 16:47:31,764 - 
====================-----=====-----=====-----====================

2025-07-10 16:47:31,764 - Please hold down the SAM-BOOT button and then connect the device with a USB cable.

2025-07-10 16:47:31,764 - ====================-----=====-----=====-----====================


2025-07-10 16:47:31,764 - Waiting for RP2040 device connection...

2025-07-10 16:47:39,778 - Detected RP2040 device.

2025-07-10 16:47:39,811 - flash_nuke.uf2 uploaded successfully.
2025-07-10 16:47:39,811 - Waiting for RP2040 device to reconnect...

2025-07-10 16:47:52,948 - RPI_PICO-20240222-v1.22.2.uf2 uploaded successfully.

2025-07-10 16:47:53,290 - mpremote 设备已连接。

2025-07-10 16:47:56,429 - eink_driver_sam.py uploaded successfully via mpremote.

2025-07-10 16:47:57,907 - loading1.bin uploaded successfully via mpremote.

2025-07-10 16:47:59,341 - loading2.bin uploaded successfully via mpremote.

2025-07-10 16:48:00,478 - main.py uploaded successfully via mpremote.

2025-07-10 16:48:00,992 - upload.sh uploaded successfully via mpremote.

2025-07-10 16:48:02,463 - white.bin uploaded successfully via mpremote.

2025-07-10 16:48:02,467 - 已向 COM8 发送1200bps重启信号。

2025-07-10 16:48:04,488 - 
====================-----=====-----=====-----====================

2025-07-10 16:48:04,488 - Unplug

2025-07-10 16:48:04,488 - Please insert the CM5 module into the board.

2025-07-10 16:48:04,488 - Hold the CM5-boot and plug USB.

2025-07-10 16:48:04,488 - ====================-----=====-----=====-----====================


2025-07-10 16:48:07,489 - 
+++++++++++++++++++++++++++++++++++++++++++++++++++++++++++++++

2025-07-10 16:48:07,490 - [Prompt] Check if the Eink flash and display images (y/n):
2025-07-10 16:48:15,000 - [User Input] n
2025-07-10 16:48:15,000 - Eink and flash test failed.

2025-07-10 16:48:15,016 - 
==================== LED 检查 ====================

2025-07-10 16:48:15,017 - 请观察板子上的LED灯状态：
2025-07-10 16:48:15,017 -   - LED1: 顶部前方的LED
2025-07-10 16:48:15,017 -   - LED2: 侧面前方的LED

2025-07-10 16:48:15,017 - 请依次点亮LED1和LED2，并根据实际情况输入结果。
2025-07-10 16:48:15,017 - --------------------------------------------------

2025-07-10 16:48:16,018 - [Prompt] LED1 (top front) 是否正常点亮？(y/n):
2025-07-10 16:48:16,018 - [User Input] y
2025-07-10 16:48:16,018 - LED1 检查通过。

2025-07-10 16:48:16,018 - [Prompt] LED2 (side front) 是否正常点亮？(y/n):
2025-07-10 16:48:16,707 - [User Input] y
2025-07-10 16:48:16,707 - LED2 检查通过。

2025-07-10 16:48:16,708 - LED 检查完成。

2025-07-10 16:48:16,758 - Board ID 54 saved.
2025-07-10 16:48:16,758 - [Prompt] Keep test (y/n):
2025-07-10 16:48:21,483 - [User Input] y
2025-07-10 16:48:21,483 - [Prompt] Board ID（1-160）:
2025-07-10 16:48:23,263 - [User Input] 52
2025-07-10 16:48:23,303 - Init the Score board...

2025-07-10 16:48:23,303 - Number of test: 19
2025-07-10 16:48:23,304 - 
====================-----=====-----=====-----====================

2025-07-10 16:48:23,304 - Please hold down the SAM-BOOT button and then connect the device with a USB cable.

2025-07-10 16:48:23,304 - ====================-----=====-----=====-----====================


2025-07-10 16:48:23,304 - Waiting for RP2040 device connection...

2025-07-10 16:48:29,312 - Detected RP2040 device.

2025-07-10 16:48:29,345 - flash_nuke.uf2 uploaded successfully.
2025-07-10 16:48:29,345 - Waiting for RP2040 device to reconnect...

2025-07-10 16:48:42,161 - RPI_PICO-20240222-v1.22.2.uf2 uploaded successfully.

2025-07-10 16:48:42,371 - mpremote 设备已连接。

2025-07-10 16:48:45,412 - eink_driver_sam.py uploaded successfully via mpremote.

2025-07-10 16:48:46,815 - loading1.bin uploaded successfully via mpremote.

2025-07-10 16:48:48,229 - loading2.bin uploaded successfully via mpremote.

2025-07-10 16:48:49,359 - main.py uploaded successfully via mpremote.

2025-07-10 16:48:49,848 - upload.sh uploaded successfully via mpremote.

2025-07-10 16:48:51,325 - white.bin uploaded successfully via mpremote.

2025-07-10 16:48:51,333 - 已向 COM8 发送1200bps重启信号。

2025-07-10 16:48:53,355 - 
====================-----=====-----=====-----====================

2025-07-10 16:48:53,355 - Unplug

2025-07-10 16:48:53,355 - Please insert the CM5 module into the board.

2025-07-10 16:48:53,356 - Hold the CM5-boot and plug USB.

2025-07-10 16:48:53,356 - ====================-----=====-----=====-----====================


2025-07-10 16:48:56,357 - 
+++++++++++++++++++++++++++++++++++++++++++++++++++++++++++++++

2025-07-10 16:48:56,357 - [Prompt] Check if the Eink flash and display images (y/n):
2025-07-10 16:48:59,041 - [User Input] n
2025-07-10 16:48:59,042 - Eink and flash test failed.

2025-07-10 16:48:59,056 - 
==================== LED 检查 ====================

2025-07-10 16:48:59,057 - 请观察板子上的LED灯状态：
2025-07-10 16:48:59,057 -   - LED1: 顶部前方的LED
2025-07-10 16:48:59,057 -   - LED2: 侧面前方的LED

2025-07-10 16:48:59,057 - 请依次点亮LED1和LED2，并根据实际情况输入结果。
2025-07-10 16:48:59,057 - --------------------------------------------------

2025-07-10 16:49:00,058 - [Prompt] LED1 (top front) 是否正常点亮？(y/n):
2025-07-10 16:49:00,531 - [User Input] y
2025-07-10 16:49:00,531 - LED1 检查通过。

2025-07-10 16:49:00,531 - [Prompt] LED2 (side front) 是否正常点亮？(y/n):
2025-07-10 16:49:00,729 - [User Input] y
2025-07-10 16:49:00,729 - LED2 检查通过。

2025-07-10 16:49:00,729 - LED 检查完成。

2025-07-10 16:49:00,773 - Board ID 52 saved.
2025-07-10 16:49:00,773 - [Prompt] Keep test (y/n):
2025-07-10 16:49:01,807 - [User Input] y
2025-07-10 16:49:01,807 - [Prompt] Board ID（1-160）:
2025-07-10 16:49:05,333 - [User Input] 52
2025-07-10 16:49:05,372 - [Warning] This board ID has already been tested. Please enter a new ID.

2025-07-10 16:49:05,372 - [Prompt] Board ID（1-160）:
2025-07-10 16:49:29,015 - [User Input] 39\
2025-07-10 16:49:29,015 - [Warning] 输入无效，请输入数字。

2025-07-10 16:49:29,015 - [Prompt] Board ID（1-160）:
2025-07-10 16:49:31,198 - [User Input] 39
2025-07-10 16:49:31,212 - Init the Score board...

2025-07-10 16:49:31,213 - Number of test: 19
2025-07-10 16:49:31,213 - 
====================-----=====-----=====-----====================

2025-07-10 16:49:31,213 - Please hold down the SAM-BOOT button and then connect the device with a USB cable.

2025-07-10 16:49:31,213 - ====================-----=====-----=====-----====================


2025-07-10 16:49:31,214 - Waiting for RP2040 device connection...

2025-07-10 16:49:38,227 - Detected RP2040 device.

2025-07-10 16:49:38,262 - flash_nuke.uf2 uploaded successfully.
2025-07-10 16:49:38,262 - Waiting for RP2040 device to reconnect...

2025-07-10 16:49:51,028 - RPI_PICO-20240222-v1.22.2.uf2 uploaded successfully.

2025-07-10 16:49:51,242 - mpremote 设备已连接。

2025-07-10 16:49:54,280 - eink_driver_sam.py uploaded successfully via mpremote.

2025-07-10 16:49:55,745 - loading1.bin uploaded successfully via mpremote.

2025-07-10 16:49:57,124 - loading2.bin uploaded successfully via mpremote.

2025-07-10 16:49:58,237 - main.py uploaded successfully via mpremote.

2025-07-10 16:49:58,723 - upload.sh uploaded successfully via mpremote.

2025-07-10 16:50:00,122 - white.bin uploaded successfully via mpremote.

2025-07-10 16:50:00,130 - 已向 COM8 发送1200bps重启信号。

2025-07-10 16:50:02,152 - 
====================-----=====-----=====-----====================

2025-07-10 16:50:02,154 - Unplug

2025-07-10 16:50:02,154 - Please insert the CM5 module into the board.

2025-07-10 16:50:02,155 - Hold the CM5-boot and plug USB.

2025-07-10 16:50:02,155 - ====================-----=====-----=====-----====================


2025-07-10 16:50:05,162 - 
+++++++++++++++++++++++++++++++++++++++++++++++++++++++++++++++

2025-07-10 16:50:05,163 - [Prompt] Check if the Eink flash and display images (y/n):
2025-07-10 16:50:21,993 - [User Input] n
2025-07-10 16:50:21,994 - Eink and flash test failed.

2025-07-10 16:50:22,008 - 
==================== LED 检查 ====================

2025-07-10 16:50:22,008 - 请观察板子上的LED灯状态：
2025-07-10 16:50:22,009 -   - LED1: 顶部前方的LED
2025-07-10 16:50:22,009 -   - LED2: 侧面前方的LED

2025-07-10 16:50:22,009 - 请依次点亮LED1和LED2，并根据实际情况输入结果。
2025-07-10 16:50:22,009 - --------------------------------------------------

2025-07-10 16:50:23,010 - [Prompt] LED1 (top front) 是否正常点亮？(y/n):
2025-07-10 16:50:23,129 - [User Input] y
2025-07-10 16:50:23,129 - LED1 检查通过。

2025-07-10 16:50:23,129 - [Prompt] LED2 (side front) 是否正常点亮？(y/n):
2025-07-10 16:50:23,505 - [User Input] y
2025-07-10 16:50:23,505 - LED2 检查通过。

2025-07-10 16:50:23,505 - LED 检查完成。

2025-07-10 16:50:23,549 - Board ID 39 saved.
2025-07-10 16:50:23,549 - [Prompt] Keep test (y/n):
2025-07-10 16:50:24,451 - [User Input] y
2025-07-10 16:50:24,452 - [Prompt] Board ID（1-160）:
2025-07-10 16:50:26,565 - [User Input] 23
2025-07-10 16:50:26,610 - Init the Score board...

2025-07-10 16:50:26,611 - Number of test: 19
2025-07-10 16:50:26,611 - 
====================-----=====-----=====-----====================

2025-07-10 16:50:26,611 - Please hold down the SAM-BOOT button and then connect the device with a USB cable.

2025-07-10 16:50:26,611 - ====================-----=====-----=====-----====================


2025-07-10 16:50:26,611 - Waiting for RP2040 device connection...

2025-07-10 16:50:33,626 - Detected RP2040 device.

2025-07-10 16:50:33,688 - flash_nuke.uf2 uploaded successfully.
2025-07-10 16:50:33,690 - Waiting for RP2040 device to reconnect...

2025-07-10 16:50:45,441 - RPI_PICO-20240222-v1.22.2.uf2 uploaded successfully.

2025-07-10 16:50:45,843 - mpremote 设备已连接。

2025-07-10 16:50:48,907 - eink_driver_sam.py uploaded successfully via mpremote.

2025-07-10 16:50:50,308 - loading1.bin uploaded successfully via mpremote.

2025-07-10 16:50:51,701 - loading2.bin uploaded successfully via mpremote.

2025-07-10 16:50:52,837 - main.py uploaded successfully via mpremote.

2025-07-10 16:50:53,329 - upload.sh uploaded successfully via mpremote.

2025-07-10 16:50:54,725 - white.bin uploaded successfully via mpremote.

2025-07-10 16:50:54,734 - 已向 COM8 发送1200bps重启信号。

2025-07-10 16:50:56,758 - 
====================-----=====-----=====-----====================

2025-07-10 16:50:56,758 - Unplug

2025-07-10 16:50:56,758 - Please insert the CM5 module into the board.

2025-07-10 16:50:56,758 - Hold the CM5-boot and plug USB.

2025-07-10 16:50:56,758 - ====================-----=====-----=====-----====================


2025-07-10 16:50:59,759 - 
+++++++++++++++++++++++++++++++++++++++++++++++++++++++++++++++

2025-07-10 16:50:59,759 - [Prompt] Check if the Eink flash and display images (y/n):
2025-07-10 16:51:06,762 - [User Input] n
2025-07-10 16:51:06,762 - Eink and flash test failed.

2025-07-10 16:51:06,779 - 
==================== LED 检查 ====================

2025-07-10 16:51:06,779 - 请观察板子上的LED灯状态：
2025-07-10 16:51:06,779 -   - LED1: 顶部前方的LED
2025-07-10 16:51:06,779 -   - LED2: 侧面前方的LED

2025-07-10 16:51:06,779 - 请依次点亮LED1和LED2，并根据实际情况输入结果。
2025-07-10 16:51:06,780 - --------------------------------------------------

2025-07-10 16:51:07,780 - [Prompt] LED1 (top front) 是否正常点亮？(y/n):
2025-07-10 16:51:07,780 - [User Input] y
2025-07-10 16:51:07,781 - LED1 检查通过。

2025-07-10 16:51:07,781 - [Prompt] LED2 (side front) 是否正常点亮？(y/n):
2025-07-10 16:51:07,959 - [User Input] y
2025-07-10 16:51:07,959 - LED2 检查通过。

2025-07-10 16:51:07,959 - LED 检查完成。

2025-07-10 16:51:08,010 - Board ID 23 saved.
2025-07-10 16:51:08,011 - [Prompt] Keep test (y/n):
2025-07-10 16:51:08,170 - [User Input] y
2025-07-10 16:51:08,170 - [Prompt] Board ID（1-160）:
2025-07-10 16:51:11,441 - [User Input] 46
2025-07-10 16:51:11,487 - Init the Score board...

2025-07-10 16:51:11,487 - Number of test: 19
2025-07-10 16:51:11,487 - 
====================-----=====-----=====-----====================

2025-07-10 16:51:11,487 - Please hold down the SAM-BOOT button and then connect the device with a USB cable.

2025-07-10 16:51:11,488 - ====================-----=====-----=====-----====================


2025-07-10 16:51:11,488 - Waiting for RP2040 device connection...

2025-07-10 16:51:16,494 - Detected RP2040 device.

2025-07-10 16:51:16,538 - flash_nuke.uf2 uploaded successfully.
2025-07-10 16:51:16,540 - Waiting for RP2040 device to reconnect...

2025-07-10 16:51:29,428 - RPI_PICO-20240222-v1.22.2.uf2 uploaded successfully.

2025-07-10 16:51:29,645 - mpremote 设备已连接。

2025-07-10 16:51:32,723 - eink_driver_sam.py uploaded successfully via mpremote.

2025-07-10 16:51:34,114 - loading1.bin uploaded successfully via mpremote.

2025-07-10 16:51:35,565 - loading2.bin uploaded successfully via mpremote.

2025-07-10 16:51:36,690 - main.py uploaded successfully via mpremote.

2025-07-10 16:51:37,167 - upload.sh uploaded successfully via mpremote.

2025-07-10 16:51:38,608 - white.bin uploaded successfully via mpremote.

2025-07-10 16:51:38,614 - 已向 COM8 发送1200bps重启信号。

2025-07-10 16:51:40,633 - 
====================-----=====-----=====-----====================

2025-07-10 16:51:40,633 - Unplug

2025-07-10 16:51:40,633 - Please insert the CM5 module into the board.

2025-07-10 16:51:40,633 - Hold the CM5-boot and plug USB.

2025-07-10 16:51:40,633 - ====================-----=====-----=====-----====================


2025-07-10 16:51:43,634 - 
+++++++++++++++++++++++++++++++++++++++++++++++++++++++++++++++

2025-07-10 16:51:43,634 - [Prompt] Check if the Eink flash and display images (y/n):
2025-07-10 16:52:05,814 - [User Input] n
2025-07-10 16:52:05,814 - Eink and flash test failed.

2025-07-10 16:52:05,830 - 
==================== LED 检查 ====================

2025-07-10 16:52:05,830 - 请观察板子上的LED灯状态：
2025-07-10 16:52:05,830 -   - LED1: 顶部前方的LED
2025-07-10 16:52:05,830 -   - LED2: 侧面前方的LED

2025-07-10 16:52:05,831 - 请依次点亮LED1和LED2，并根据实际情况输入结果。
2025-07-10 16:52:05,831 - --------------------------------------------------

2025-07-10 16:52:06,833 - [Prompt] LED1 (top front) 是否正常点亮？(y/n):
2025-07-10 16:52:06,845 - [User Input] y
2025-07-10 16:52:06,845 - LED1 检查通过。

2025-07-10 16:52:06,845 - [Prompt] LED2 (side front) 是否正常点亮？(y/n):
2025-07-10 16:52:06,845 - [User Input] y
2025-07-10 16:52:06,845 - LED2 检查通过。

2025-07-10 16:52:06,845 - LED 检查完成。

2025-07-10 16:52:06,899 - Board ID 46 saved.
2025-07-10 16:52:06,900 - [Prompt] Keep test (y/n):
2025-07-10 16:52:07,905 - [User Input] y
2025-07-10 16:52:07,905 - [Prompt] Board ID（1-160）:
2025-07-10 16:52:10,341 - [User Input] 48
2025-07-10 16:52:10,381 - Init the Score board...

2025-07-10 16:52:10,381 - Number of test: 19
2025-07-10 16:52:10,381 - 
====================-----=====-----=====-----====================

2025-07-10 16:52:10,381 - Please hold down the SAM-BOOT button and then connect the device with a USB cable.

2025-07-10 16:52:10,381 - ====================-----=====-----=====-----====================


2025-07-10 16:52:10,382 - Waiting for RP2040 device connection...

2025-07-10 16:52:29,526 - Detected RP2040 device.

2025-07-10 16:52:29,588 - flash_nuke.uf2 uploaded successfully.
2025-07-10 16:52:29,596 - Waiting for RP2040 device to reconnect...

2025-07-10 16:52:42,309 - RPI_PICO-20240222-v1.22.2.uf2 uploaded successfully.

2025-07-10 16:52:42,520 - mpremote 设备已连接。

2025-07-10 16:52:45,561 - eink_driver_sam.py uploaded successfully via mpremote.

2025-07-10 16:52:46,992 - loading1.bin uploaded successfully via mpremote.

2025-07-10 16:52:48,432 - loading2.bin uploaded successfully via mpremote.

2025-07-10 16:52:49,570 - main.py uploaded successfully via mpremote.

2025-07-10 16:52:50,094 - upload.sh uploaded successfully via mpremote.

2025-07-10 16:52:51,517 - white.bin uploaded successfully via mpremote.

2025-07-10 16:52:51,523 - 已向 COM8 发送1200bps重启信号。

2025-07-10 16:52:53,535 - 
====================-----=====-----=====-----====================

2025-07-10 16:52:53,535 - Unplug

2025-07-10 16:52:53,535 - Please insert the CM5 module into the board.

2025-07-10 16:52:53,536 - Hold the CM5-boot and plug USB.

2025-07-10 16:52:53,536 - ====================-----=====-----=====-----====================


2025-07-10 16:52:56,536 - 
+++++++++++++++++++++++++++++++++++++++++++++++++++++++++++++++

2025-07-10 16:52:56,536 - [Prompt] Check if the Eink flash and display images (y/n):
2025-07-10 16:53:07,357 - [User Input] n
2025-07-10 16:53:07,357 - Eink and flash test failed.

2025-07-10 16:53:07,373 - 
==================== LED 检查 ====================

2025-07-10 16:53:07,373 - 请观察板子上的LED灯状态：
2025-07-10 16:53:07,373 -   - LED1: 顶部前方的LED
2025-07-10 16:53:07,374 -   - LED2: 侧面前方的LED

2025-07-10 16:53:07,374 - 请依次点亮LED1和LED2，并根据实际情况输入结果。
2025-07-10 16:53:07,374 - --------------------------------------------------

2025-07-10 16:53:08,374 - [Prompt] LED1 (top front) 是否正常点亮？(y/n):
2025-07-10 16:53:08,375 - [User Input] y
2025-07-10 16:53:08,375 - LED1 检查通过。

2025-07-10 16:53:08,375 - [Prompt] LED2 (side front) 是否正常点亮？(y/n):
2025-07-10 16:53:08,375 - [User Input] y
2025-07-10 16:53:08,375 - LED2 检查通过。

2025-07-10 16:53:08,375 - LED 检查完成。

2025-07-10 16:53:08,426 - Board ID 48 saved.
2025-07-10 16:53:08,426 - [Prompt] Keep test (y/n):
2025-07-10 16:53:08,504 - [User Input] y
2025-07-10 16:53:08,504 - [Prompt] Board ID（1-160）:
2025-07-10 16:53:11,570 - [User Input] 48
2025-07-10 16:53:11,610 - [Warning] This board ID has already been tested. Please enter a new ID.

2025-07-10 16:53:11,611 - [Prompt] Board ID（1-160）:
2025-07-10 16:53:22,215 - [User Input] 35
2025-07-10 16:53:22,230 - Init the Score board...

2025-07-10 16:53:22,230 - Number of test: 19
2025-07-10 16:53:22,230 - 
====================-----=====-----=====-----====================

2025-07-10 16:53:22,230 - Please hold down the SAM-BOOT button and then connect the device with a USB cable.

2025-07-10 16:53:22,230 - ====================-----=====-----=====-----====================


2025-07-10 16:53:22,230 - Waiting for RP2040 device connection...

2025-07-10 16:53:31,242 - Detected RP2040 device.

2025-07-10 16:53:31,275 - flash_nuke.uf2 uploaded successfully.
2025-07-10 16:53:31,275 - Waiting for RP2040 device to reconnect...

2025-07-10 16:53:44,188 - RPI_PICO-20240222-v1.22.2.uf2 uploaded successfully.

2025-07-10 16:53:44,413 - mpremote 设备已连接。

2025-07-10 16:53:47,445 - eink_driver_sam.py uploaded successfully via mpremote.

2025-07-10 16:53:48,843 - loading1.bin uploaded successfully via mpremote.

2025-07-10 16:53:50,240 - loading2.bin uploaded successfully via mpremote.

2025-07-10 16:53:51,362 - main.py uploaded successfully via mpremote.

2025-07-10 16:53:51,834 - upload.sh uploaded successfully via mpremote.

2025-07-10 16:53:53,261 - white.bin uploaded successfully via mpremote.

2025-07-10 16:53:53,267 - 已向 COM8 发送1200bps重启信号。

2025-07-10 16:53:55,283 - 
====================-----=====-----=====-----====================

2025-07-10 16:53:55,283 - Unplug

2025-07-10 16:53:55,283 - Please insert the CM5 module into the board.

2025-07-10 16:53:55,283 - Hold the CM5-boot and plug USB.

2025-07-10 16:53:55,283 - ====================-----=====-----=====-----====================


2025-07-10 16:53:58,284 - 
+++++++++++++++++++++++++++++++++++++++++++++++++++++++++++++++

2025-07-10 16:53:58,284 - [Prompt] Check if the Eink flash and display images (y/n):
2025-07-10 16:54:03,384 - [User Input] n
2025-07-10 16:54:03,385 - Eink and flash test failed.

2025-07-10 16:54:03,400 - 
==================== LED 检查 ====================

2025-07-10 16:54:03,401 - 请观察板子上的LED灯状态：
2025-07-10 16:54:03,401 -   - LED1: 顶部前方的LED
2025-07-10 16:54:03,401 -   - LED2: 侧面前方的LED

2025-07-10 16:54:03,401 - 请依次点亮LED1和LED2，并根据实际情况输入结果。
2025-07-10 16:54:03,401 - --------------------------------------------------

2025-07-10 16:54:04,402 - [Prompt] LED1 (top front) 是否正常点亮？(y/n):
2025-07-10 16:54:04,402 - [User Input] y
2025-07-10 16:54:04,403 - LED1 检查通过。

2025-07-10 16:54:04,403 - [Prompt] LED2 (side front) 是否正常点亮？(y/n):
2025-07-10 16:54:05,346 - [User Input] y
2025-07-10 16:54:05,346 - LED2 检查通过。

2025-07-10 16:54:05,346 - LED 检查完成。

2025-07-10 16:54:05,390 - Board ID 35 saved.
2025-07-10 16:54:05,391 - [Prompt] Keep test (y/n):
2025-07-10 16:54:06,023 - [User Input] y
2025-07-10 16:54:06,023 - [Prompt] Board ID（1-160）:
2025-07-10 16:54:09,339 - [User Input] 37
2025-07-10 16:54:09,378 - Init the Score board...

2025-07-10 16:54:09,379 - Number of test: 19
2025-07-10 16:54:09,379 - 
====================-----=====-----=====-----====================

2025-07-10 16:54:09,379 - Please hold down the SAM-BOOT button and then connect the device with a USB cable.

2025-07-10 16:54:09,379 - ====================-----=====-----=====-----====================


2025-07-10 16:54:09,379 - Waiting for RP2040 device connection...

2025-07-10 16:54:24,403 - Detected RP2040 device.

2025-07-10 16:54:24,435 - flash_nuke.uf2 uploaded successfully.
2025-07-10 16:54:24,437 - Waiting for RP2040 device to reconnect...

2025-07-10 16:54:37,184 - RPI_PICO-20240222-v1.22.2.uf2 uploaded successfully.

2025-07-10 16:54:37,403 - mpremote 设备已连接。

2025-07-10 16:54:40,447 - eink_driver_sam.py uploaded successfully via mpremote.

2025-07-10 16:54:41,865 - loading1.bin uploaded successfully via mpremote.

2025-07-10 16:54:43,261 - loading2.bin uploaded successfully via mpremote.

2025-07-10 16:54:44,395 - main.py uploaded successfully via mpremote.

2025-07-10 16:54:44,884 - upload.sh uploaded successfully via mpremote.

2025-07-10 16:54:46,303 - white.bin uploaded successfully via mpremote.

2025-07-10 16:54:46,309 - 已向 COM8 发送1200bps重启信号。

2025-07-10 16:54:48,324 - 
====================-----=====-----=====-----====================

2025-07-10 16:54:48,324 - Unplug

2025-07-10 16:54:48,325 - Please insert the CM5 module into the board.

2025-07-10 16:54:48,325 - Hold the CM5-boot and plug USB.

2025-07-10 16:54:48,325 - ====================-----=====-----=====-----====================


2025-07-10 16:54:51,326 - 
+++++++++++++++++++++++++++++++++++++++++++++++++++++++++++++++

2025-07-10 16:54:51,326 - [Prompt] Check if the Eink flash and display images (y/n):
2025-07-10 16:54:53,424 - [User Input] n
2025-07-10 16:54:53,424 - Eink and flash test failed.

2025-07-10 16:54:53,439 - 
==================== LED 检查 ====================

2025-07-10 16:54:53,439 - 请观察板子上的LED灯状态：
2025-07-10 16:54:53,439 -   - LED1: 顶部前方的LED
2025-07-10 16:54:53,439 -   - LED2: 侧面前方的LED

2025-07-10 16:54:53,439 - 请依次点亮LED1和LED2，并根据实际情况输入结果。
2025-07-10 16:54:53,440 - --------------------------------------------------

2025-07-10 16:54:54,441 - [Prompt] LED1 (top front) 是否正常点亮？(y/n):
2025-07-10 16:54:55,337 - [User Input] y
2025-07-10 16:54:55,337 - LED1 检查通过。

2025-07-10 16:54:55,337 - [Prompt] LED2 (side front) 是否正常点亮？(y/n):
2025-07-10 16:54:55,947 - [User Input] y
2025-07-10 16:54:55,947 - LED2 检查通过。

2025-07-10 16:54:55,947 - LED 检查完成。

2025-07-10 16:54:55,992 - Board ID 37 saved.
2025-07-10 16:54:55,993 - [Prompt] Keep test (y/n):
2025-07-10 16:55:10,296 - [User Input] y
2025-07-10 16:55:10,296 - [Prompt] Board ID（1-160）:
2025-07-10 16:55:14,030 - [User Input] 40
2025-07-10 16:55:14,074 - Init the Score board...

2025-07-10 16:55:14,074 - Number of test: 19
2025-07-10 16:55:14,074 - 
====================-----=====-----=====-----====================

2025-07-10 16:55:14,074 - Please hold down the SAM-BOOT button and then connect the device with a USB cable.

2025-07-10 16:55:14,074 - ====================-----=====-----=====-----====================


2025-07-10 16:55:14,074 - Waiting for RP2040 device connection...

2025-07-10 16:55:21,085 - Detected RP2040 device.

2025-07-10 16:55:21,121 - flash_nuke.uf2 uploaded successfully.
2025-07-10 16:55:21,123 - Waiting for RP2040 device to reconnect...

2025-07-10 16:55:33,948 - RPI_PICO-20240222-v1.22.2.uf2 uploaded successfully.

2025-07-10 16:55:34,172 - mpremote 设备已连接。

2025-07-10 16:55:37,188 - eink_driver_sam.py uploaded successfully via mpremote.

2025-07-10 16:55:38,597 - loading1.bin uploaded successfully via mpremote.

2025-07-10 16:55:40,020 - loading2.bin uploaded successfully via mpremote.

2025-07-10 16:55:41,154 - main.py uploaded successfully via mpremote.

2025-07-10 16:55:41,676 - upload.sh uploaded successfully via mpremote.

2025-07-10 16:55:43,080 - white.bin uploaded successfully via mpremote.

2025-07-10 16:55:43,087 - 已向 COM8 发送1200bps重启信号。

2025-07-10 16:55:45,106 - 
====================-----=====-----=====-----====================

2025-07-10 16:55:45,106 - Unplug

2025-07-10 16:55:45,107 - Please insert the CM5 module into the board.

2025-07-10 16:55:45,108 - Hold the CM5-boot and plug USB.

2025-07-10 16:55:45,109 - ====================-----=====-----=====-----====================


2025-07-10 16:55:48,110 - 
+++++++++++++++++++++++++++++++++++++++++++++++++++++++++++++++

2025-07-10 16:55:48,110 - [Prompt] Check if the Eink flash and display images (y/n):
2025-07-10 16:55:57,391 - [User Input] n
2025-07-10 16:55:57,391 - Eink and flash test failed.

2025-07-10 16:55:57,400 - 
==================== LED 检查 ====================

2025-07-10 16:55:57,401 - 请观察板子上的LED灯状态：
2025-07-10 16:55:57,401 -   - LED1: 顶部前方的LED
2025-07-10 16:55:57,401 -   - LED2: 侧面前方的LED

2025-07-10 16:55:57,401 - 请依次点亮LED1和LED2，并根据实际情况输入结果。
2025-07-10 16:55:57,401 - --------------------------------------------------

2025-07-10 16:55:58,402 - [Prompt] LED1 (top front) 是否正常点亮？(y/n):
2025-07-10 16:55:58,402 - [User Input] y
2025-07-10 16:55:58,403 - LED1 检查通过。

2025-07-10 16:55:58,403 - [Prompt] LED2 (side front) 是否正常点亮？(y/n):
2025-07-10 16:55:58,403 - [User Input] y
2025-07-10 16:55:58,403 - LED2 检查通过。

2025-07-10 16:55:58,403 - LED 检查完成。

2025-07-10 16:55:58,450 - Board ID 40 saved.
2025-07-10 16:55:58,450 - [Prompt] Keep test (y/n):
2025-07-10 16:55:59,447 - [User Input] y
2025-07-10 16:55:59,447 - [Prompt] Board ID（1-160）:
2025-07-10 16:56:02,984 - [User Input] 33
2025-07-10 16:56:03,023 - Init the Score board...

2025-07-10 16:56:03,023 - Number of test: 19
2025-07-10 16:56:03,024 - 
====================-----=====-----=====-----====================

2025-07-10 16:56:03,024 - Please hold down the SAM-BOOT button and then connect the device with a USB cable.

2025-07-10 16:56:03,024 - ====================-----=====-----=====-----====================


2025-07-10 16:56:03,024 - Waiting for RP2040 device connection...

2025-07-10 16:56:08,072 - Detected RP2040 device.

2025-07-10 16:56:08,142 - flash_nuke.uf2 uploaded successfully.
2025-07-10 16:56:08,145 - Waiting for RP2040 device to reconnect...

2025-07-10 16:56:20,877 - RPI_PICO-20240222-v1.22.2.uf2 uploaded successfully.

2025-07-10 16:56:21,087 - mpremote 设备已连接。

2025-07-10 16:56:24,157 - eink_driver_sam.py uploaded successfully via mpremote.

2025-07-10 16:56:25,551 - loading1.bin uploaded successfully via mpremote.

2025-07-10 16:56:26,948 - loading2.bin uploaded successfully via mpremote.

2025-07-10 16:56:28,087 - main.py uploaded successfully via mpremote.

2025-07-10 16:56:28,570 - upload.sh uploaded successfully via mpremote.

2025-07-10 16:56:29,963 - white.bin uploaded successfully via mpremote.

2025-07-10 16:56:29,973 - 已向 COM8 发送1200bps重启信号。

2025-07-10 16:56:32,001 - 
====================-----=====-----=====-----====================

2025-07-10 16:56:32,006 - Unplug

2025-07-10 16:56:32,006 - Please insert the CM5 module into the board.

2025-07-10 16:56:32,006 - Hold the CM5-boot and plug USB.

2025-07-10 16:56:32,006 - ====================-----=====-----=====-----====================


2025-07-10 16:56:35,007 - 
+++++++++++++++++++++++++++++++++++++++++++++++++++++++++++++++

2025-07-10 16:56:35,007 - [Prompt] Check if the Eink flash and display images (y/n):
2025-07-10 16:56:47,298 - [User Input] b
2025-07-10 16:56:47,298 - Eink and flash test failed.

2025-07-10 16:56:47,313 - 
==================== LED 检查 ====================

2025-07-10 16:56:47,313 - 请观察板子上的LED灯状态：
2025-07-10 16:56:47,313 -   - LED1: 顶部前方的LED
2025-07-10 16:56:47,313 -   - LED2: 侧面前方的LED

2025-07-10 16:56:47,313 - 请依次点亮LED1和LED2，并根据实际情况输入结果。
2025-07-10 16:56:47,313 - --------------------------------------------------

2025-07-10 16:56:48,314 - [Prompt] LED1 (top front) 是否正常点亮？(y/n):
2025-07-10 16:56:48,314 - [User Input] y
2025-07-10 16:56:48,314 - LED1 检查通过。

2025-07-10 16:56:48,314 - [Prompt] LED2 (side front) 是否正常点亮？(y/n):
2025-07-10 16:56:48,402 - [User Input] y
2025-07-10 16:56:48,402 - LED2 检查通过。

2025-07-10 16:56:48,403 - LED 检查完成。

2025-07-10 16:56:48,447 - Board ID 33 saved.
2025-07-10 16:56:48,447 - [Prompt] Keep test (y/n):
2025-07-10 16:56:49,474 - [User Input] y
2025-07-10 16:56:49,474 - [Prompt] Board ID（1-160）:
2025-07-10 16:56:54,116 - Traceback (most recent call last):

2025-07-10 16:56:54,123 -   File "C:\Users\HydrogenRb\HydrogenRb\Work\pamir\2025\7 9\PCBtest.py", line 394, in <module>
    main()
    ~~~~^^

2025-07-10 16:56:54,123 -   File "C:\Users\HydrogenRb\HydrogenRb\Work\pamir\2025\7 9\PCBtest.py", line 387, in main
    save_results(wb, ws, prompt_board_id(), run_tests())
                         ~~~~~~~~~~~~~~~^^

2025-07-10 16:56:54,129 -   File "C:\Users\HydrogenRb\HydrogenRb\Work\pamir\2025\7 9\PCBtest.py", line 87, in prompt_board_id
    board_id = int(logged_input(f"Board ID（{ID_RANGE.start}-{ID_RANGE.stop-1}）:"))
                   ~~~~~~~~~~~~^^^^^^^^^^^^^^^^^^^^^^^^^^^^^^^^^^^^^^^^^^^^^^^^^^^^

2025-07-10 16:56:54,129 -   File "C:\Users\HydrogenRb\HydrogenRb\Work\pamir\2025\7 9\PCBtest.py", line 60, in logged_input
    user_input = sys.stdin.readline().rstrip('\n')
                 ~~~~~~~~~~~~~~~~~~^^

2025-07-10 16:56:54,129 - KeyboardInterrupt

